CREATE DATABASE  IF NOT EXISTS `0523TDPRON2C03LAED1021PT_GRUPO1` /*!40100 DEFAULT CHARACTER SET utf8mb4 COLLATE utf8mb4_0900_ai_ci */ /*!80016 DEFAULT ENCRYPTION='N' */;
USE `0523TDPRON2C03LAED1021PT_GRUPO1`;
-- MySQL dump 10.13  Distrib 8.0.32, for Win64 (x86_64)
--
-- Host: db.ctd.academy    Database: 0523TDPRON2C03LAED1021PT_GRUPO1
-- ------------------------------------------------------
-- Server version	8.0.26

/*!40101 SET @OLD_CHARACTER_SET_CLIENT=@@CHARACTER_SET_CLIENT */;
/*!40101 SET @OLD_CHARACTER_SET_RESULTS=@@CHARACTER_SET_RESULTS */;
/*!40101 SET @OLD_COLLATION_CONNECTION=@@COLLATION_CONNECTION */;
/*!50503 SET NAMES utf8 */;
/*!40103 SET @OLD_TIME_ZONE=@@TIME_ZONE */;
/*!40103 SET TIME_ZONE='+00:00' */;
/*!40014 SET @OLD_UNIQUE_CHECKS=@@UNIQUE_CHECKS, UNIQUE_CHECKS=0 */;
/*!40014 SET @OLD_FOREIGN_KEY_CHECKS=@@FOREIGN_KEY_CHECKS, FOREIGN_KEY_CHECKS=0 */;
/*!40101 SET @OLD_SQL_MODE=@@SQL_MODE, SQL_MODE='NO_AUTO_VALUE_ON_ZERO' */;
/*!40111 SET @OLD_SQL_NOTES=@@SQL_NOTES, SQL_NOTES=0 */;
SET @MYSQLDUMP_TEMP_LOG_BIN = @@SESSION.SQL_LOG_BIN;
SET @@SESSION.SQL_LOG_BIN= 0;

--
-- GTID state at the beginning of the backup 
--

SET @@GLOBAL.GTID_PURGED=/*!80000 '+'*/ '';

--
-- Table structure for table `category`
--

DROP TABLE IF EXISTS `category`;
/*!40101 SET @saved_cs_client     = @@character_set_client */;
/*!50503 SET character_set_client = utf8mb4 */;
CREATE TABLE `category` (
  `id` bigint NOT NULL AUTO_INCREMENT,
  `name` varchar(255) DEFAULT NULL,
  `imageurl` varchar(255) DEFAULT NULL,
  `Description` varchar(255) DEFAULT NULL,
  `is_delete` bit(1) DEFAULT NULL,
  `icon` varchar(255) DEFAULT NULL,
  `has_products` bit(1) DEFAULT NULL,
  PRIMARY KEY (`id`)
) ENGINE=InnoDB AUTO_INCREMENT=99 DEFAULT CHARSET=utf8mb4 COLLATE=utf8mb4_0900_ai_ci;
/*!40101 SET character_set_client = @saved_cs_client */;

--
-- Dumping data for table `category`
--

LOCK TABLES `category` WRITE;
/*!40000 ALTER TABLE `category` DISABLE KEYS */;
INSERT INTO `category` VALUES (1,'Camping','https://c3-e1-digital-booking.s3.us-east-2.amazonaws.com/img/category/camping.png','Sumérgete en la majestuosidad de la naturaleza con nuestro equipo de camping de alquiler de alta calidad.',_binary '\0','TbTent',NULL),(2,'Esquí','https://c3-e1-digital-booking.s3.us-east-2.amazonaws.com/img/category/ski.png','Deslízate por las pistas con nuestros equipos de esquí de alquiler.',_binary '\0','MdDownhillSkiing',NULL),(3,'Snowboard','https://c3-e1-digital-booking.s3.us-east-2.amazonaws.com/img/category/snowboard.png','Domina las montañas con nuestros equipos de snowboard de alquiler.',_binary '\0','MdOutlineSnowboarding',NULL),(4,'Bicicletas','https://c3-e1-digital-booking.s3.us-east-2.amazonaws.com/img/category/bikes.png','Explora la ciudad o los senderos de montaña con nuestras bicicletas de alquiler.',_binary '\0','MdOutlineDirectionsBike',NULL),(5,'Surf','https://c3-e1-digital-booking.s3.us-east-2.amazonaws.com/img/category/surf.png','Conquista las olas con nuestras tablas de surf de alquiler.',_binary '\0','MdSurfing',NULL),(6,'Escalada','https://c3-e1-digital-booking.s3.us-east-2.amazonaws.com/img/category/climb.png','Alcanza nuevas alturas con nuestro equipo de escalada de alquiler.',_binary '\0','FaMountain',NULL),(7,'Deportes acuáticos','https://c3-e1-digital-booking.s3.us-east-2.amazonaws.com/img/category/aquatic.png','Sumérgete en la diversión con nuestro equipo de deportes acuáticos de alquiler.',_binary '\0','FaSwimmer',NULL),(96,'probando','https://c3-e1-digital-booking.s3.us-east-2.amazonaws.com/img/category/probando63a1aa1a03e69__822x460','probando',_binary '','MdFitnessCenter',NULL),(97,'prueba','https://c3-e1-digital-booking.s3.us-east-2.amazonaws.com/img/category/pruebaBotasMujerATBotasMujer(1)','test',_binary '','MdFitnessCenter',NULL),(98,'Patinaje','https://c3-e1-digital-booking.s3.us-east-2.amazonaws.com/img/category/Patinajeskates','Patines',_binary '\0','MdIceSkating',NULL);
/*!40000 ALTER TABLE `category` ENABLE KEYS */;
UNLOCK TABLES;

--
-- Table structure for table `city`
--

DROP TABLE IF EXISTS `city`;
/*!40101 SET @saved_cs_client     = @@character_set_client */;
/*!50503 SET character_set_client = utf8mb4 */;
CREATE TABLE `city` (
  `id` bigint NOT NULL AUTO_INCREMENT,
  `code` varchar(255) DEFAULT NULL,
  `country_code` varchar(255) DEFAULT NULL,
  `generic_name` varchar(255) DEFAULT NULL,
  `latitude` decimal(20,10) DEFAULT NULL,
  `longitude` decimal(20,10) DEFAULT NULL,
  `name` varchar(255) DEFAULT NULL,
  PRIMARY KEY (`id`)
) ENGINE=InnoDB AUTO_INCREMENT=220 DEFAULT CHARSET=utf8mb4 COLLATE=utf8mb4_0900_ai_ci;
/*!40101 SET character_set_client = @saved_cs_client */;

--
-- Dumping data for table `city`
--

LOCK TABLES `city` WRITE;
/*!40000 ALTER TABLE `city` DISABLE KEYS */;
INSERT INTO `city` VALUES (129,'MAD','ESP','Capital de España',40.4167750000,-3.7037900000,'Madrid'),(130,'BCN','ESP','Ciudad de España',41.3879170000,2.1699190000,'Barcelona'),(131,'CDMX','MEX','Capital de México',19.4326080000,-99.1332090000,'Ciudad de México'),(132,'GDL','MEX','Ciudad de México',20.6596990000,-103.3496090000,'Guadalajara'),(133,'BA','ARG','Capital de Argentina',-34.6037220000,-58.3815920000,'Buenos Aires'),(134,'COR','ARG','Ciudad de Argentina',-31.4200830000,-64.1887760000,'Córdoba'),(135,'BOG','COL','Capital de Colombia',4.6097100000,-74.0817500000,'Bogotá'),(136,'MDE','COL','Ciudad de Colombia',6.2522000000,-75.5646000000,'Medellín'),(137,'LIM','PER','Capital de Perú',-12.0431800000,-77.0282400000,'Lima'),(138,'AQP','PER','Ciudad de Perú',-16.3988890000,-71.5370020000,'Arequipa'),(139,'SCL','CHL','Capital de Chile',-33.4488900000,-70.6692650000,'Santiago'),(140,'VAL','CHL','Ciudad de Chile',-33.0458460000,-71.6196740000,'Valparaíso'),(141,'CCS','VEN','Capital de Venezuela',10.4805940000,-66.9036060000,'Caracas'),(142,'MAR','VEN','Ciudad de Venezuela',10.6312670000,-71.6405600000,'Maracaibo'),(143,'GUA','GTM','Capital de Guatemala',14.6349150000,-90.5068820000,'Guatemala'),(144,'QUE','GTM','Ciudad de Guatemala',14.8340750000,-91.5184950000,'Quetzaltenango'),(145,'HAV','CUB','Capital de Cuba',23.1135920000,-82.3665920000,'Havana'),(146,'SCU','CUB','Ciudad de Cuba',21.1528850000,-80.9195980000,'Santiago de Cuba'),(147,'UIO','ECU','Capital de Ecuador',-0.1806530000,-78.4678380000,'Quito'),(148,'GYE','ECU','Ciudad de Ecuador',-2.2038160000,-79.8974530000,'Guayaquil'),(149,'NYC','USA','Ciudad de Estados Unidos',40.7127760000,-74.0059740000,'New York'),(150,'TYO','JPN','Capital de Japón',35.6894870000,139.6917110000,'Tokyo'),(151,'LON','GBR','Capital de Reino Unido',51.5073510000,-0.1277580000,'London'),(152,'PAR','FRA','Capital de Francia',48.8566130000,2.3522220000,'Paris'),(153,'SAO','BRA','Ciudad de Brasil',-23.5505200000,-46.6333080000,'São Paulo'),(154,'RIO','BRA','Ciudad de Brasil',-22.9068470000,-43.1728970000,'Rio de Janeiro'),(155,'BER','DEU','Capital de Alemania',52.5200080000,13.4049540000,'Berlin'),(156,'MUC','DEU','Ciudad de Alemania',50.1109240000,8.6821270000,'Munich'),(157,'SYD','AUS','Ciudad de Australia',-33.8688200000,151.2092900000,'Sydney'),(158,'MEL','AUS','Ciudad de Australia',-37.8136100000,144.9631000000,'Melbourne'),(159,'CAI','EGY','Capital de Egipto',30.0437976000,31.2378780000,'Cairo'),(160,'JNB','ZAF','Ciudad de Sudáfrica',-26.2041030000,28.0473040000,'Johannesburg'),(161,'MOW','RUS','Capital de Rusia',55.7558250000,37.6172980000,'Moscow'),(162,'LED','RUS','Ciudad de Rusia',59.9342800000,30.3350990000,'Saint Petersburg'),(163,'BJS','CHN','Capital de China',39.9042020000,116.4073940000,'Beijing'),(164,'SHA','CHN','Ciudad de China',31.2303910000,121.4737010000,'Shanghai'),(165,'BOM','IND','Ciudad de India',19.0760900000,72.8774260000,'Mumbai'),(166,'DEL','IND','Ciudad de India',28.7040600000,77.1024930000,'Delhi'),(167,'BKK','THA','Capital de Tailandia',13.7563320000,100.5017620000,'Bangkok'),(168,'IST','TUR','Ciudad de Turquía',41.0082400000,28.9783590000,'Istanbul'),(169,'DXB','ARE','Ciudad de Emiratos Árabes Unidos',25.2769870000,55.2962490000,'Dubai'),(170,'YYZ','CAN','Ciudad de Canadá',43.6532250000,-79.3831860000,'Toronto'),(171,'YVR','CAN','Ciudad de Canadá',49.2496600000,-123.1193400000,'Vancouver'),(172,'AKL','NZL','Ciudad de Nueva Zelanda',-36.8484610000,174.7633360000,'Auckland'),(173,'LAX','USA','Ciudad de Estados Unidos',34.0522350000,-118.2436830000,'Los Angeles'),(174,'CHI','USA','Ciudad de Estados Unidos',41.8781130000,-87.6297990000,'Chicago'),(175,'SFO','USA','Ciudad de Estados Unidos',37.7749290000,-122.4194180000,'San Francisco'),(176,'MIA','USA','Ciudad de Estados Unidos',25.7616810000,-80.1917880000,'Miami'),(177,'SEL','KOR','Capital de Corea del Sur',37.5665360000,126.9779660000,'Seoul'),(178,'SIN','SGP','Ciudad-Estado de Singapur',1.3520830000,103.8198390000,'Singapore'),(179,'HKG','HKG','Región Administrativa Especial de China',22.3193030000,114.1693610000,'Hong Kong'),(180,'TPE','TWN','Capital de Taiwán',25.0339640000,121.5644680000,'Taipei'),(181,'ROM','ITA','Capital de Italia',41.9027820000,12.4963660000,'Rome'),(182,'MIL','ITA','Ciudad de Italia',44.4941900000,11.3465190000,'Milan'),(183,'AMS','NLD','Capital de Países Bajos',52.3675730000,4.9041390000,'Amsterdam'),(184,'BRU','BEL','Capital de Bélgica',50.8503460000,4.3517210000,'Brussels'),(185,'ZRH','CHE','Ciudad de Suiza',47.3768880000,8.5416940000,'Zurich'),(186,'CPT','ZAF','Ciudad de Sudáfrica',-33.9248690000,18.4240550000,'Cape Town'),(187,'DUB','IRL','Capital de Irlanda',53.3498050000,-6.2603100000,'Dublin'),(188,'STO','SWE','Capital de Suecia',59.3293230000,18.0685810000,'Stockholm'),(189,'OSL','NOR','Capital de Noruega',59.9138680000,10.7522450000,'Oslo'),(190,'CPH','DNK','Capital de Dinamarca',55.6760980000,12.5683370000,'Copenhagen'),(191,'HEL','FIN','Capital de Finlandia',60.1695210000,24.9354500000,'Helsinki'),(192,'LIS','PRT','Capital de Portugal',38.7222520000,-9.1393370000,'Lisbon'),(194,'CLO','COL','Cali',3.4516000000,-76.5320000000,'Cali'),(195,'BAQ','COL','Barranquilla',10.9639000000,-74.7964000000,'Barranquilla'),(196,'CTG','COL','Cartagena',10.3910000000,-75.4794000000,'Cartagena'),(198,'ROS','ARG','Rosario',-32.9468000000,-60.6393000000,'Rosario'),(199,'MDZ','ARG','Mendoza',-32.8895000000,-68.8458000000,'Mendoza'),(200,'TUC','ARG','San Miguel de Tucuman',-26.8080000000,-65.2176000000,'San Miguel de Tucumán'),(201,'MZL','COL','Manizales, Caldas',5.0634358000,-76.5181497000,'Manizales'),(211,'CO-VAC','CO','Colombia',4.0826822565,-76.1975001138,'Tuluá'),(212,'CO-CUN','CO','Colombia',5.0663219810,-74.5949363708,'Guaduas'),(215,'BR-DF','BR','Brasil',-15.7939053835,-47.8842482855,'Brasilia'),(216,'NI-CI','NI','Nicaragua',12.7240749561,-87.0549774170,'Chinandega (Municipio)'),(219,'AR-B','AR','Argentina',-37.3305292354,-59.1332640316,'Tandil');
/*!40000 ALTER TABLE `city` ENABLE KEYS */;
UNLOCK TABLES;

--
-- Table structure for table `product`
--

DROP TABLE IF EXISTS `product`;
/*!40101 SET @saved_cs_client     = @@character_set_client */;
/*!50503 SET character_set_client = utf8mb4 */;
CREATE TABLE `product` (
  `id` bigint NOT NULL AUTO_INCREMENT,
  `brand` varchar(255) DEFAULT NULL,
  `deposit` decimal(19,2) DEFAULT NULL,
  `description` longtext,
  `gender` varchar(255) DEFAULT NULL,
  `name` varchar(255) DEFAULT NULL,
  `price` decimal(19,2) DEFAULT NULL,
  `size` varchar(255) DEFAULT NULL,
  `state` varchar(255) DEFAULT NULL,
  `category_id` bigint DEFAULT NULL,
  `imageURL` longtext,
  `is_delete` bit(1) DEFAULT NULL,
  `color` varchar(255) DEFAULT NULL,
  `material` varchar(255) DEFAULT NULL,
  `city_id` bigint DEFAULT NULL,
  `latitude` varchar(255) DEFAULT NULL,
  `longitude` varchar(255) DEFAULT NULL,
  PRIMARY KEY (`id`),
  KEY `FK1mtsbur82frn64de7balymq9s` (`category_id`),
  KEY `FKfdfuxw181ikn2g0d46ag4xasc` (`city_id`),
  CONSTRAINT `FK1mtsbur82frn64de7balymq9s` FOREIGN KEY (`category_id`) REFERENCES `category` (`id`),
  CONSTRAINT `FKfdfuxw181ikn2g0d46ag4xasc` FOREIGN KEY (`city_id`) REFERENCES `city` (`id`)
) ENGINE=InnoDB AUTO_INCREMENT=209 DEFAULT CHARSET=utf8mb4 COLLATE=utf8mb4_0900_ai_ci;
/*!40101 SET character_set_client = @saved_cs_client */;

--
-- Dumping data for table `product`
--

LOCK TABLES `product` WRITE;
/*!40000 ALTER TABLE `product` DISABLE KEYS */;
INSERT INTO `product` VALUES (31,'NEMO Wagontop',15.00,'El Wagontop™ es un camping completo para 8 personas, duradero, resistente al agua y fácil de montar. Además, tiene un 50% más de espacio que una tienda estándar para 8 personas.','No aplica','Carpa Nemo',150.00,'8 personas','Nuevo',1,'https://c3-e1-digital-booking.s3.us-east-2.amazonaws.com/img/Carpa NemoNEMOWagontopCarpa.jpg',_binary '\0','Amarillo','Poliéster',129,NULL,NULL),(32,'Viva 50',5.00,'De aspecto clásico y totalmente capaz, el Volt 60 es ideal para transportar cargas de moderadas a pesadas en el campo. Con 5 pulgadas de ajuste fino del torso y alas expandibles para el cinturón lumbar Fit-on-the-Fly, el Volt 60 puede acomodar a todos, grandes y pequeños.','Femenino','Mochila Viva50',50.00,'50 L','Nuevo',1,'https://c3-e1-digital-booking.s3.us-east-2.amazonaws.com/img/Mochila Viva50Viva50MochilaMujer.jpg',_binary '\0','Morado','Nylon',130,NULL,NULL),(33,'Viva 50',5.00,'De aspecto clásico y totalmente capaz, el Volt 60 es ideal para transportar cargas de moderadas a pesadas en el campo. Con 5 pulgadas de ajuste fino del torso y alas expandibles para el cinturón lumbar Fit-on-the-Fly, el Volt 60 puede acomodar a todos, grandes y pequeños.','Masculino','Mochila Volt60',50.00,'60 L','Nuevo',1,'https://c3-e1-digital-booking.s3.us-east-2.amazonaws.com/img/Mochila Volt60Volt60MochilaHombre.jpg',_binary '\0','Negro','Nylon',131,NULL,NULL),(34,'AT',5.00,'Nuestras botas AT son ligeras pero rígidas. Brindan una libertad de movimiento excepcional mientras subes la colina y luego se bloquean para que controlar tus esquís sea fácil y divertido.','Masculino','Botas Hombre',20.00,'11 - 11.5','Seminuevo',2,'https://c3-e1-digital-booking.s3.us-east-2.amazonaws.com/img/Botas HombreATBotasHombre.jpg',_binary '\0','Blanco y amarillo','Poliuretano termoplástico',132,NULL,NULL),(35,'AT',5.00,'Nuestras botas AT son ligeras pero rígidas. Brindan una libertad de movimiento excepcional mientras subes la colina y luego se bloquean para que controlar tus esquís sea fácil y divertido.','Femenino','Botas Mujer',20.00,'7.5 - 8','Seminuevo',3,'https://c3-e1-digital-booking.s3.us-east-2.amazonaws.com/img/Botas MujerATBotasMujer.jpg',_binary '\0','Azúl y negro','Poliuretano termoplástico',133,NULL,NULL),(36,'Volkl Blaze 106',10.00,'Cuando nuestro día tiene corredores estrechos y descensos empinados en las obras, nos sentimos confiados en el esquí Volkl Blaze 106 para aprovechar al máximo nuestro día. El núcleo de álamo y haya del esquí se encuentra entre el peso de un esquí de travesía y un esquí de estación, por lo que es perfecto para alguien a quien le gusta hacer ambas cosas.','No aplica','Esquís alpinos',65.00,'179cm','Nuevo',2,'https://c3-e1-digital-booking.s3.us-east-2.amazonaws.com/img/Esquís alpinosVolklBlaze106Esquís.jpg',_binary '\0','Azúl marino','Núcleo de madera',134,NULL,NULL),(37,'Weston Backwoods',10.00,'El Backwoods es un híbrido de polvo y freeride que prefiere árboles, polvo y pendientes pronunciadas. Como la mayoría de las tablas de polvo, la Backwoods tiene un nose muy ancho y una cola cónica, pero se diferencia con un flex rígido medio, nuestro perfil dominante de camber Freeride y solo 10 mm de retroceso. Esta combinación mantiene la tabla ágil en los árboles, confiable en la suciedad y flotante en la nieve profunda.','No aplica','Tabla de split',55.00,'157cm','Nuevo',3,'https://c3-e1-digital-booking.s3.us-east-2.amazonaws.com/img/Tabla de splitWestonBackwoodsTabla.jpg',_binary '\0','Blanco y negro','P-Tex',135,NULL,NULL),(38,'Smith',5.00,'Existe el equipo que necesita y existe el equipo que ama. El casco de esquí y snowboard Smith Mission es ambas cosas. Su diseño liviano trae las últimas innovaciones de seguridad, que incluyen MIPS™ y Koroyd® zonal para mejorar la absorción de energía en caso de choque. Debido a que te diriges a la montaña en todas las condiciones, las rejillas de ventilación ajustables te permiten controlar el clima.','Femenino','Casco Mujer',10.00,'51 - 55 cm','Nuevo',3,'https://c3-e1-digital-booking.s3.us-east-2.amazonaws.com/img/CascoSmithCascoMujer.jpg',_binary '\0','Negro','Policarbonato ABS',136,NULL,NULL),(39,'Smith',5.00,'Existe el equipo que necesita y existe el equipo que ama. El casco de esquí y snowboard Smith Mission es ambas cosas. Su diseño liviano trae las últimas innovaciones de seguridad, que incluyen MIPS™ y Koroyd® zonal para mejorar la absorción de energía en caso de choque. Debido a que te diriges a la montaña en todas las condiciones, las rejillas de ventilación ajustables te permiten controlar el clima.','Masculino','Casco Hombre',10.00,'51 - 55 cm','Nuevo',3,'https://c3-e1-digital-booking.s3.us-east-2.amazonaws.com/img/CascoSmithCascoHombre.jpg',_binary '\0','Verde','Policarbonato ABS',137,NULL,NULL),(40,'Rockhopper',100.00,'Si estás preparada para pasar al siguiente nivel, te presentamos a tu nueva amiga, la Women\'s Rockhopper Pro 29. La hemos diseñado para que sea ligera, resistente y extremadamente capaz, pero la manera en la que lo logramos es aún más interesante. Esto lo conseguimos con nuestro cuadro construido con el nuevo aluminio A1 SL que nos ha ayudado a optimizar el tamaño de los tubos, aligerar el peso y mejorar la estética. Para continuar con la nueva estética, la Rockhopper tiene cableado interno con lo que conseguimos hacer aún más limpio el cuadro. .','Femenino','Bicicleta de montaña Rock',1200.00,'M','Nuevo',4,'https://c3-e1-digital-booking.s3.us-east-2.amazonaws.com/img/Bicicleta de montañaRockhopperBiciMujer.jpg',_binary '\0','Blanca','Aluminio',138,NULL,NULL),(41,'Rockhopper',100.00,'Mejor rendimiento. Mejor calidad-precio. Mejor Rockhopper. Al aprovechar las ventajas de ajuste y conducción para cada ciclista con su tamaño de rueda ideal, y con una suspensión optimizada gracias a nuestro Rx Tune específico, hemos logrado un mejor rendimiento de la nueva Rockhopper. ','Masculino','Bicicleta de montaña',1200.00,'L','Nuevo',4,'https://c3-e1-digital-booking.s3.us-east-2.amazonaws.com/img/Bicicleta de montañaRockhopperBiciHombre.jpg',_binary '\0','Verde','Aluminio',139,NULL,NULL),(42,'OlaIan',25.00,'Gracias a su generoso volumen y a sus cantos, es ideal para tomar las primeras olas. Permite surfear en las espumas y olas pequeñas, hasta la altura del hombro. Posee un leash que se fija a la correa que une los 2 tornillos de la quilla central y 3 quillas con bordes flexibles.','Femenino','Tabla Surf 100',250.00,'7\'5 pulgadas','Nuevo',5,'https://c3-e1-digital-booking.s3.us-east-2.amazonaws.com/img/Tabla Surf 100OlaIanTablaM.jpg',_binary '\0','Azúl marino','Espuma de poliuretano',140,NULL,NULL),(43,'Boardworks Froth',25.00,'Creado para diversión y versatilidad con generoso volumen. Puede ser utilizado por principiantes, desgarradores y surfistas despertadores. Construcción ligera pero duradera que hace que sea muy fácil de usar y divertido para todas las habilidades.','Masculino','Tabla Wakesurf',250.00,'8\'5 pulgadas','Nuevo',5,'https://c3-e1-digital-booking.s3.us-east-2.amazonaws.com/img/Tabla WakesurfBoardworksFrothTablaH.jpg',_binary '\0','Azúl','poliuretano',141,NULL,NULL),(44,'Jayne III',5.00,'Un arnés completo especialmente diseñado para la anatomía femenina con perneras ajustables y un punto de amarre fácil de centrar. Apto para todas las actividades verticales.','Femenino','Arnés',50.00,'M','Buen estado',6,'https://c3-e1-digital-booking.s3.us-east-2.amazonaws.com/img/ArnésJayneIIIArnésM.jpg',_binary '\0','Gris y azúl aguamarina','Nylon',142,NULL,NULL),(45,'Wildcountry',5.00,'El Session es un arnés versátil con un ajuste liviano y cómodo. Diseñado con nuestro exclusivo cinturón V Flex ™ y la construcción de malla Dura Weave. Para todo, desde escaladas deportivas modernas hasta largos lanzamientos de montaña.','Masculino','Arnés Session',50.00,'M','Buen estado',6,'https://c3-e1-digital-booking.s3.us-east-2.amazonaws.com/img/Arnés SessionWildcountryArnésH.jpg',_binary '\0','Verde militar y negro','Nylon',143,NULL,NULL),(46,'Bestway',20.00,'El Kayak Hydro Force marca Bestway es ideal para disfrutar de una aventura al aire libre. Se trata de un cómodo bote inflable con capacidad para dos personas; tiene 330 cm de largo y 94 cm de ancho. Este producto, que está hecho de suave vinilo y PVC color anaranjado, sobresale por su óptima resistencia mecánica, permitiendo que la superficie no sufra por el roce frecuente, la acción del agua y sus sales minerales o los rayos UV.','No aplica','Kayak inflable Best',200.00,'2 personas','Seminuevo',7,'https://c3-e1-digital-booking.s3.us-east-2.amazonaws.com/img/Kayak inflableBestwayKayak.jpg',_binary '\0','Rojo','Plástico de polietileno de alta densidad ',144,NULL,NULL),(47,'Advanced Elements',12.00,'El kayak inflable straitedge angler ha sido diseñado teniendo en cuenta las necesidades del pescador de kayak; su haz ancho proporciona la máxima estabilidad al tiempo que atrae grandes capturas; el material de varias capas, las almohadillas de abrasión adicionales y las múltiples cámaras de aire proporcionan la máxima durabilidad para condiciones agresivas.','No aplica','Kayak inflable Advanced',120.00,'1 persona','Seminuevo',7,'https://c3-e1-digital-booking.s3.us-east-2.amazonaws.com/img/Kayak inflableAdvancedElementsKayak.jpg',_binary '\0','Amarillo','Plástico de polietileno de alta densidad ',145,NULL,NULL),(48,'Pelican',150.00,'El casco profundo VChine y el diseño de 12 pies de largo aumentan la estabilidad secundaria y ofrecen un mejor seguimiento para que las condiciones picadas no sean un problema. También proporciona una mejor capacidad de respuesta a los cambios en peso corporal y posición. Cada trazo se maximizará para un mejor retorno al esfuerzo.','No aplica','Kayak Rígido',500.00,'1 persona','Nuevo',7,'https://c3-e1-digital-booking.s3.us-east-2.amazonaws.com/img/Kayak RígidoPelicanKayak.jpg',_binary '\0','Naranja','Plástico de polietileno de alta densidad ',146,NULL,NULL),(119,'Coleman',NULL,'Carpa 2 personas Tulum la perfecta acompañante para las aventuras en la playa, liviana, resistente a los vientos, ventilada y en colores vibrantes, fácil de armar, con bolsa para transportar.','No aplica','Carpa Tulum',70.00,'2 personas','Nuevo',1,'https://c3-e1-digital-booking.s3.us-east-2.amazonaws.com/img/CarpaTulumColeman9a5058628fe09b4ae7622f10e3a8311b-product',_binary '\0','Azul y naranja','Poliéster',147,NULL,NULL),(121,'Lafuma Active',NULL,'Para las noches de verano y las caminatas cortas, el ACTIVE 10 es una bolsa liviana y muy compacta para acompañarlo en sus exploraciones. Deslice el saco de dormir ACTIVE 10 compacto en su mochila y salga, asegúrese de que disfrutará de un sueño reparador. Diseñado para mantenerte abrigado a temperaturas de 10 a 15 °C.','Femenino','Saco de dormir para mujer',25.00,'Individual','Seminuevo',1,'https://c3-e1-digital-booking.s3.us-east-2.amazonaws.com/img/SacodedormirparamujerLafuma5b7d7120e35b5',_binary '\0','Blanco y Fucsia','Poliéster',148,NULL,NULL),(122,'Lafuma Active',NULL,'El saco de dormir ACTIVE 0° diseñado para noches con temperaturas cercanas a los 5 grados ahora está equipado con aislamiento 100% reciclado, resistente a la humedad y responsable con los recursos limitados de nuestro planeta.','Masculino','Saco de dormir para hombre',25.00,'Individual','Seminuevo',1,'https://c3-e1-digital-booking.s3.us-east-2.amazonaws.com/img/SacodedormirparahombreLafumaActivelafuma-active-0-saco-de-dormir(3)',_binary '\0','Negro y naranja','Poliéster',149,NULL,NULL),(123,'Lafuma',NULL,'Confortable, impermeable y ecológico, el saco de dormir NUNAVÜT DOUBLE de LAFUMA es perfecto para las escapadas en pareja.','Unisex','Saco de dormir doble',40.00,'2 personas','Buen estado',1,'https://c3-e1-digital-booking.s3.us-east-2.amazonaws.com/img/SacodedormirdobleLafuma4818928-14126994-thickbox(1)',_binary '\0','Azul','Poliéster',150,NULL,NULL),(124,'Jetboil',NULL,'La estufa independiente con quemador de titanio y olla de cocción FluxRing de .8L es el sistema Jetboil más ligero. La tecnología FluxRing garantiza un tiempo de ebullición rápido de 2,5 minutos. El diseño de anidamiento hace que llevar a cualquier lugar sea compacto y fácil.','No aplica','Hornillo ',147.00,'200g','Buen estado',1,'https://c3-e1-digital-booking.s3.us-east-2.amazonaws.com/img/HORNILLOJetboil3715741-11313798-thickbox',_binary '\0','Negro y naranja','Titanio y aluminio',151,NULL,NULL),(125,'Jetboil',NULL,'Los tiempos de ebullición ampollosos son estándar en nuestro Flash líder en la industria. Al modelar la combustión y seleccionar materiales para optimizar la eficiencia, pudimos crear el Jetboil más rápido de todos los tiempos, reduciendo un minuto completo de nuestro mejor tiempo de hervido.','No aplica','Hornillo Jet',100.00,'100g','Reacondicionado',1,'https://c3-e1-digital-booking.s3.us-east-2.amazonaws.com/img/JetboilFlashJetboiljetboil-flash(1)',_binary '\0','Verde','Titanio y aluminio',152,NULL,NULL),(126,'Bresser',NULL,'¡Déjate fascinar por la experiencia única de observar el sol pero también la maravillosa noche estrellada! Nunca fue más fácil para el público observar el cielo nocturno y el sol de forma tan sencilla, económica y, por último, pero no menos importante, segura. El filtro solar que fue especialmente diseñado para este telescopio lo hace posible. Contiene una lámina especial que protege el ojo contra todo tipo de radiación solar durante las observaciones: la luz infrarroja, ultravioleta y visible se amortigua hasta un nivel seguro.','No aplica','Telescopio Solarix',250.00,'No aplica','Seminuevo',1,'https://c3-e1-digital-booking.s3.us-east-2.amazonaws.com/img/TelescopioSolarixBresserbresser-telescopio-solarix-76-350(1).jpg',_binary '\0','Negro','Metal / Aluminio / plástico',153,NULL,NULL),(127,'National Geographic',NULL,'El telescopio refractor de 70 mm es un clásico y se puede utilizar tanto para astronomía como para observaciones de la naturaleza (por ejemplo, de animales salvajes). La longitud focal de 900 mm de largo brinda una imagen nítida y brillante. El telescopio cuenta con la nueva montura Mpm, que es versátil y fácil de usar.','No aplica','Telescopio National Geographic',400.00,'No aplica','Nuevo',1,'https://c3-e1-digital-booking.s3.us-east-2.amazonaws.com/img/TelescopioNationalGeographicNationalGeographicnational-geographic-telescopio-9071000(1).jpg',_binary '\0','Negro','Metal / Aluminio / plástico',154,NULL,NULL),(128,'Coleman',NULL,'Con sus ruedas todoterreno, esta hielera de alto rendimiento de 95 litros está diseñada para transportar fácilmente grandes volúmenes de alimentos y bebidas, así como para mantenerlos frescos durante cinco días impresionantes. Embalado con espuma de poliuretano inyectado térmicamente eficiente, los lados delgados de este refrigerador aseguran el máximo aislamiento con mayor espacio de almacenamiento, para que pueda llevar más mientras ocupa menos espacio en su automóvil. Un par de asas giratorias permiten levantar el enfriador, mientras que el asa de arrastre más grande garantiza que el enfriador se pueda transportar fácilmente sobre sus dos ruedas resistentes. Ambos conjuntos de manijas se pliegan para un almacenamiento compacto.','No aplica','Nevera Portátil Rígida Xtreme',200.00,'94.6L','Buen estado',1,'https://c3-e1-digital-booking.s3.us-east-2.amazonaws.com/img/NeveraPortátilRígidaXtremeColemancoleman-nevera-portatil-rigida-xtreme-94.jpg',_binary '\0','Azúl','HDPE',133,NULL,NULL),(129,'Campingaz',NULL,'Esta elegante gama mantendrá tu comida fresca y añadirá más moda a tu verano. La nueva gama no solo es elegante, sino que también sigue la tendencia de la sostenibilidad. Utilizando material reciclado tanto para la tela como para el aislamiento, estas hieleras serán la tendencia del verano. Querrás llevarlos a todas partes.','No aplica','Nevera Portátil Blanda Box',50.00,'3L','Seminuevo',1,'https://c3-e1-digital-booking.s3.us-east-2.amazonaws.com/img/NeveraPortátilBlandaBoxCampingazcampingaz-nevera-portatil-blanda-box-3l(1).jpg',_binary '\0','Blanco','Poliéster reciclado de botellas de plástico posconsumo',134,NULL,NULL),(130,'Aktive',NULL,'Mesa plegable para camping de Aktive para las reuniones con la familia, diseñada con una bandeja de malla debajo del tablero octogonal de madera y aluminio.','No aplica','Mesa Plegable',20.00,'149mm','Buen estado',1,'https://c3-e1-digital-booking.s3.us-east-2.amazonaws.com/img/MesaPlegableAktiveaktive-mesa-plegable-de-camping-altura-regulable-con-malla(1).jpg',_binary '\0','Gris','Aluminio',135,NULL,NULL),(131,'Aktive',NULL,'Silla plegable de camping Aktive con medidas 57x54x91 cm. Fabricada con estructura resistente y ligera de aluminio, con respaldo fijo soporta un peso máximo de 110 kg. El asiento y el respaldo están fabricados con tejido Oxford 600D resistente y duradero ideal para estar a la intemperie.','No aplica','Silla Plegable',10.00,'Peso máximo: 110Kg','Reacondicionado',1,'https://c3-e1-digital-booking.s3.us-east-2.amazonaws.com/img/SillaPlegableAktiveaktive-silla-plegable-54x57x91-cm(1).jpg',_binary '\0','Negro','Aluminio',136,NULL,NULL),(132,'Head',NULL,'El Pure Joy ayuda a los aspirantes a talladores a alcanzar el siguiente nivel. Gracias a la construcción ligera de HEAD con tecnología Graphene, Pure Joy garantiza una distribución y un control optimizados del equilibrio del peso. Un patín ágil y angosto de 73 mm junto con una generosa punta oscilante da como resultado un manejo fácil y un agarre confiable en los cantos.','Masculino','Esquís Alpinos Perfecto Joy',25.00,'179','Buen estado',2,'https://c3-e1-digital-booking.s3.us-east-2.amazonaws.com/img/EsquísAlpinosPerfectoJoyHeadhead-esquis-alpinos-perfecto-joy-slr-joy-p-joy-9-gw-slr-b85(1).jpg',_binary '\0','Negro','Grafeno',137,NULL,NULL),(133,'Rossignol',NULL,'Diseñado específicamente para impulsar a la próxima generación de freeriders. La nueva Blackops 92 para mujer es un arma única para las esquiadoras all-mountain freeride de mente progresista. Combinando una construcción de pared lateral completa y un perfil de rocker progresivo, esta nueva arma de freeride júnior contiene una combinación perfecta de potencia, pop y diversión. El núcleo ligero de madera de paulownia mantiene el esquí reactivo y ágil, ya sea que lo airee en el parque o corte a través de campos de nieve virgen.','Femenino','Esquís Alpinos Blackops',25.00,'160','Nuevo',2,'https://c3-e1-digital-booking.s3.us-east-2.amazonaws.com/img/EsquísAlpinosBlackopsRossignolblack92wom__52625.jpg',_binary '\0','Multicolor','Grafeno',138,NULL,NULL),(134,'Rossignol',NULL,'Alltrack 80 Alpine Ski Boots Woman es una bota de invierno Rossignol con horma “mediana” de 102 mm con un flex de 80 que mejora el movimiento natural del pie. Dentro de las características que encontrarás se encuentra su carcasa de cuadrícula que tiene bajo peso y es ideal para actividades de esquí.','Femenino','Botas Esquí Alpino Alltrack',30.00,'105mm','Buen estado',2,'https://c3-e1-digital-booking.s3.us-east-2.amazonaws.com/img/BotasEsquíAlpinoAlltrackRossignolrossignol-botas-esqui-alpino-alltrack-80-mujer(1).jpg',_binary '\0','Negro','Poliuretano',139,NULL,NULL),(135,'Scott',NULL,'El SCOTT Celeste está dedicado a la mujer de esquí de travesía y alpinista, y ofrece un alto nivel de comodidad y una flexión progresiva y tolerante. Esta nueva generación es más ligera y garantiza una mejor transitabilidad gracias a la nueva construcción Cabrio Hybrid. Hecho de Pebax® Rnew®, el Celeste presenta un índice de flexión de 100 AT. La progresividad y la comodidad son los beneficios clave de esta versión. También se ha mejorado el manejo para facilitar el ajuste de la hebilla y el paso en las botas.','Femenino','Botas Esquí Montaña',25.00,'103.5mm','Buen estado',2,'https://c3-e1-digital-booking.s3.us-east-2.amazonaws.com/img/BotasEsquíMontañaScottscott-botas-esqui-montana-mujer-ws-celeste(1).jpg',_binary '\0','Rosa','Poliuretano',162,NULL,NULL),(136,'Fischer',NULL,'El Fischer Transalp es la entrada en la serie de botas de turismo Transalp y ofrece todo lo que necesita para un viaje de esquí exitoso, desde ponérselo hasta el último giro. Fácil de manejar, va bien cuesta arriba y brilla en las bajadas. El exclusivo sistema de hebilla eléctrica, la construcción sólida de la carcasa de PU y el mecanismo de doble bloqueo para esquiar/caminar, que brinda estabilidad y seguridad adicionales, garantizan un gran rendimiento en las bajadas.','Masculino','Botas Esquí Alpino',25.00,'107mm','Buen estado',2,'https://c3-e1-digital-booking.s3.us-east-2.amazonaws.com/img/BotasEsquíAlpinoTransalpFischerBOTA-ESQUI-DE-TRAVESIA-ADULTO-FISCHER-TRANSALP-TS.jpg',_binary '\0','Azul','Poliuretano',163,NULL,NULL),(137,'Scott',NULL,'SCOTT G1 130 POWERFIT WTR es una bota de esquí de última generación que ofrece el mayor rendimiento. El sistema anatómico POWERFIT Uppershell, junto con un sistema de caminata integrado, le brinda al esquiador soporte y estabilidad en la parte baja, y un increíble rango de movimiento en la parte superior.','Masculino','Botas Esquí Alpino G1',30.00,'108mm','Buen estado',2,'https://c3-e1-digital-booking.s3.us-east-2.amazonaws.com/img/BotasEsquíAlpinoG1Scotta929408440939e3d530904305b9c.jpg',_binary '\0','Blanco y verde','Poliuretano',164,NULL,NULL),(138,'Oakley',NULL,'Equipada con hardware serio y opciones de almacenamiento versátiles, la mochila para fregadero de cocina es un paquete completo con un atractivo resistente. Ya sea que realice un viaje de un día o una excursión prolongada, los bolsillos especializados por dentro y por fuera organizan los artículos mientras que la tela resistente a la abrasión los mantiene seguros, incluidos los zapatos y la mayoría de las computadoras portátiles de 17´´. Una espalda acolchada y correas ajustables para los hombros con forro de malla lo mantienen cómodo y fresco cuando transporta largas distancias. Equipada con un compartimento rígido para el reproductor multimedia y cierres de cremallera y clip reforzados, la mochila Kitchen Sink combina resistencia, estilo y diversas funciones, ideal para los días impredecibles.','No aplica','Mochila Kitchen Sink',65.00,'34L','Seminuevo',2,'https://c3-e1-digital-booking.s3.us-east-2.amazonaws.com/img/MochilaKitchenSinkOakleyoakley-mochila-kitchen-sink-34l(1).jpg',_binary '\0','Verde','Nailon',165,NULL,NULL),(139,'Bolle',NULL,'Es un modelo directamente inspirado en el V-RYFT. Con el AVID Progressive EPS para la seguridad, el V-RYFT PURE cuenta con una ventilación ajustable con 6 ventiladores, un sistema Click-To-Fit ™, almohadillas 3D para un confort y audición superior e intercambiables 2 viseras o una lente fotocrómica.','Masculino','Casco V-Ryft Pure',30.00,'51 - 55mm','Buen estado',2,'https://c3-e1-digital-booking.s3.us-east-2.amazonaws.com/img/CascoV-RyftPureBollebolle-casco-v-ryft-pure(1).jpg',_binary '\0','Azul','PC ABS',167,NULL,NULL),(140,'Bollé',NULL,'JULIET, un casco de ABS diseñado por Anna Veith y dedicado a las mujeres, combina una cubierta exterior ultrarresistente a los impactos con un estilo inequívocamente femenino.','Femenino','Casco Juliet',30.00,'41 - 45mm','Buen estado',2,'https://c3-e1-digital-booking.s3.us-east-2.amazonaws.com/img/CascoJulietBollébolle-womens-juliet-casco-de-esqui-bf.jpg',_binary '\0','Rosado','PC ABS',194,NULL,NULL),(142,'Powerhull',NULL,'Los contornos refinados del fondo han mantenido el flotador mágico que distingue a esta tabla de todo lo demás en la nieve al tiempo que mejoran el pop y los aterrizajes de las características naturales y artificiales. la llamativa tecnología sin núcleo ha hecho posibles estas formas más complejas, al tiempo que elimina el peso crítico del swing de la tabla. y finalmente, midbite ha encontrado su hogar más efectivo en gemelos, por lo que la aplicación de una versión agresiva de esto a la 20/20 ha convertido lo que alguna vez fue una tabla especializada en un paseo verdaderamente versátil.','Femenino','Tabla Snowboard Yes ',60.00,'145cm','Buen estado',3,'https://c3-e1-digital-booking.s3.us-east-2.amazonaws.com/img/TablaSnowboardYesPowerhullimages(1).jpg',_binary '\0','Multicolor','Poliuretano termoplástico',194,NULL,NULL),(143,'Powerhull',NULL,'Un  ancho de cintura medio ancho junto con un corte lateral agresivo y underbite lo prepara para una experiencia de giro como ninguna otra. respuesta, estabilidad y agarre de los cantos en cualquier condición de nieve. flota mejor que cualquier otra cosa de este lado de una 420. disfruta del peso de swing más corto al montarla unos centímetros más corta que tu tabla normal y desbloquearás la verdadera versatilidad de esta tabla.','Masculino','Tabla Snowboard Optimistic',60.00,'151cm','Buen estado',3,'https://c3-e1-digital-booking.s3.us-east-2.amazonaws.com/img/TablaSnowboardOptimisticPowerhullyes.jpg',_binary '\0','Negro','Poliuretano termoplástico',211,NULL,NULL),(145,'Rossignol',NULL,'Primacy Focus Snowboard Boots permite una conducción agresiva adelante y atrás. Su modelo tiene lengüeta moldeada en 3D que reduce la fatiga, forro termoajustable aislado y arnés de tres puntos que retiene el pie para medir la flexibilidad en los dedos y el talón.','Masculino','Botas Snowboard Primacy',30.00,'11','Seminuevo',3,'https://c3-e1-digital-booking.s3.us-east-2.amazonaws.com/img/BotasSnowboardPrimacyRossignolrossignol-botas-snowboard-primacy-focus(1).jpg',_binary '\0','Negro','Unibody Shell',170,NULL,NULL),(146,'DC',NULL,'Sistema de ajuste Dual BOA® con dial H4 Coiler, suela exterior Unilite™ para una comodidad y soporte livianos, Response Liner II, suela reutilizada, arnés interno para el tobillo, construcción articulada, cordones BOA® Silver SS, Flex Rating.','Femenino','Botas Snowboard Control',30.00,'7','Seminuevo',3,'https://c3-e1-digital-booking.s3.us-east-2.amazonaws.com/img/BotasSnowboardControlDCdc-shoes-botas-snowboard-control(2).jpg',_binary '\0','Blanco/Multicolor','Unibody Shell',211,NULL,NULL),(147,'Ride',NULL,'Estas fijaciones están fabricadas con materiales resistentes y duraderos que pueden soportar incluso las condiciones más duras de la montaña. También están diseñados para proporcionar una transferencia de potencia y un control óptimos, para que puedas montar con confianza y precisión. Y con sus correas fáciles de usar y su diseño ergonómico, estas fijaciones son cómodas y fáciles de usar, incluso después de horas de conducción. Así que si quieres llevar tu snowboard al siguiente nivel, no te conformes con nada menos que las fijaciones de snowboard RIDE A-9.','Femenino','Fijaciones Snowboard A-9',15.00,'11','Nuevo',3,'https://c3-e1-digital-booking.s3.us-east-2.amazonaws.com/img/FijacionesSnowboardA-9Ride47115_6990_0_3.jpg',_binary '\0','Blanco','Aluminio',211,NULL,NULL),(148,'Burton',NULL,'Heel Hammock cuenta con material de goma reforzado que envuelve el talón de la bota, proporcionando una suspensión completa para una respuesta ultrarrápida, el sistema DialFLAD cuenta con un dial giratorio para realizar ajustes en el ángulo de inclinación hacia adelante del hi-back, la tecnología The Hinge hi-back elimina el hardware y el peso , lo que permite un ajuste independiente de la inclinación hacia adelante y la rotación hacia atrás.','Masculino','Fijaciones Snowboard Cartel X',15.00,'7','Nuevo',3,'https://c3-e1-digital-booking.s3.us-east-2.amazonaws.com/img/FijacionesSnowboardCartelXBurtonburton-fijaciones-snowboard-cartel-x(1).jpg',_binary '\0','Marrón','Aluminio',173,NULL,NULL),(149,'Nidecker',NULL,'Los contornos refinados del fondo han mantenido el flotador mágico que distingue a esta tabla de todo lo demás en la nieve al tiempo que mejoran el pop y los aterrizajes de las características naturales y artificiales. la llamativa tecnología sin núcleo ha hecho posibles estas formas más complejas, al tiempo que elimina el peso crítico del swing de la tabla. y finalmente, midbite ha encontrado su hogar más efectivo en gemelos, por lo que la aplicación de una versión diferente ha convertido lo que alguna vez fue una tabla especializada en un paseo verdaderamente versátil.','Unisex','Tabla Snowboard Beta',50.00,'155','Seminuevo',3,'https://c3-e1-digital-booking.s3.us-east-2.amazonaws.com/img/TablaSnowboardBetaNideckernidecker-tabla-snowboard-beta(1).jpg',_binary '\0','Blanco','Poliuretano termoplástico',174,NULL,NULL),(150,'Specialized',NULL,'La nueva Turbo Levo Expert FSR presenta todos los \"excelentes\" atributos de nuestras bicis de trail más nuevas cinemática perfectamente adaptada una verdadera Trail Geometry y un cuadro de rigidez óptima añadiendo tecnología de primer nivel nunca vista en el mundo del e-MTB. Hablamos de un nuevo motor personalizado batería de mayor capacidad y mucho mucho más. Así que sí te da más potencia para recorrer más senderos y lo hace de una forma que jamás hubiésemos podido imaginar.','Unisex','Bicicleta Turbo',1000.00,'M','Seminuevo',4,'https://c3-e1-digital-booking.s3.us-east-2.amazonaws.com/img/TURBOLEVOEXPERTSpecializedspecialized-turbo-levo-carbon-t-m-gris-roj-_1__1.jpg',_binary '\0','Carbon/Monster Verde','Aluminio',175,NULL,NULL),(151,'Skull',NULL,'Tiene 14 orificios para una mejor ventilación que ayuda a mantener la cabeza fresca y sin olor a sudor. Con Una Excelente Transpiración Para Garantizar Un Clima Interior Equilibrado Y Confortable Durante Todo El Día. Además Es Fácil De Quitar Para Poder Lavar Los Cojines.','Masculino','Casco Skull Wolf',15.00,'L','Buen estado',4,'https://c3-e1-digital-booking.s3.us-east-2.amazonaws.com/img/CascoSkullWolfSkullbestial-wolf-casco-skull(1).jpg',_binary '\0','Amarillo','ABS',176,NULL,NULL),(152,'Skull',NULL,'Tiene 14 orificios para una mejor ventilación que ayuda a mantener la cabeza fresca y sin olor a sudor. Con Una Excelente Transpiración Para Garantizar Un Clima Interior Equilibrado Y Confortable Durante Todo El Día. Además Es Fácil De Quitar Para Poder Lavar Los Cojines.','Femenino','Bestial Wolf Casco Skull',15.00,'M','Buen estado',4,'https://c3-e1-digital-booking.s3.us-east-2.amazonaws.com/img/BestialWolfCascoSkullSkullbestial-wolf-casco-skull(6).jpg',_binary '\0','Lila','ABS',133,NULL,NULL),(153,'Ridley',NULL,'Descubre la libertad con nuestra bicicleta en alquiler. Esta joya sobre dos ruedas es una fusión perfecta de estilo y comodidad. Con un marco liviano y resistente, se desliza con facilidad, mientras que su diseño ergonómico garantiza un manejo suave y sin esfuerzo. Sus brillantes colores capturan la esencia del verano, haciendo de cada paseo una experiencia vibrante y energizante. Aprovecha la comodidad de sus asientos acolchados y sus frenos de alta precisión para disfrutar de un recorrido seguro y agradable. ¡Alquila hoy y empieza a explorar!','Masculino','Bicicleta MTB Ignite A9 SLX',1000.00,'29´´','Reacondicionado',4,'https://c3-e1-digital-booking.s3.us-east-2.amazonaws.com/img/BicicletaMTBIgniteA9SLXRidleyridley-bicicleta-mtb-ignite-a9-slx(1).jpg',_binary '\0','Rojo','Aluminio',178,NULL,NULL),(154,'Megamo',NULL,'Descubre la libertad con nuestra bicicleta en alquiler. Esta joya sobre dos ruedas es una fusión perfecta de estilo y comodidad. Con un marco liviano y resistente, se desliza con facilidad, mientras que su diseño ergonómico garantiza un manejo suave y sin esfuerzo. Sus brillantes colores capturan la esencia del verano, haciendo de cada paseo una experiencia vibrante y energizante. Aprovecha la comodidad de sus asientos acolchados y sus frenos de alta precisión para disfrutar de un recorrido seguro y agradable. ¡Alquila hoy y empieza a explorar!','Masculino','Bicicleta MTB 29´´ Factory AXS Race',1200.00,'29´´','Nuevo',4,'https://c3-e1-digital-booking.s3.us-east-2.amazonaws.com/img/BicicletaMTB29´´FactoryAXSRaceMegamomegamo-bicicleta-mtb-29-factory-axs-race-2022(1).jpg',_binary '\0','Azul','Carbono',179,NULL,NULL),(155,'Ice',NULL,'La bicicleta ICe MT10 con cuadro de fibra de carbono 29 está diseñada para disfrutar de la montaña, los senderos y las pistas. Es un modelo de MTB totalmente práctico y manejable donde gracias a su geometría tendrás toda la estabilidad y comodidad necesaria para todas tus rutas.','Masculino','Bicicleta MTB MT10 29´´ Deore',1100.00,'29´´','Seminuevo',4,'https://c3-e1-digital-booking.s3.us-east-2.amazonaws.com/img/BicicletaMTBMT1029´´DeoreIceice-bicicleta-mtb-mt10-29-deore-2022(1).jpg',_binary '\0','Azul','Carbono',180,NULL,NULL),(156,'Formigli',NULL,'Descubre la libertad con nuestra bicicleta en alquiler. Esta joya sobre dos ruedas es una fusión perfecta de estilo y comodidad. Con un marco liviano y resistente, se desliza con facilidad, mientras que su diseño ergonómico garantiza un manejo suave y sin esfuerzo. Sus brillantes colores capturan la esencia del verano, haciendo de cada paseo una experiencia vibrante y energizante. Aprovecha la comodidad de sus asientos acolchados y sus frenos de alta precisión para disfrutar de un recorrido seguro y agradable. ¡Alquila hoy y empieza a explorar!','Femenino','Bicicleta MTB R1',1000.00,'29´´','Reacondicionado',4,'https://c3-e1-digital-booking.s3.us-east-2.amazonaws.com/img/BicicletaMTBR1Formigliformigli-bicicleta-mtb-r1-carbono-29(1).jpg',_binary '\0','Amarillo','Carbono',181,NULL,NULL),(157,'Kross',NULL,'Descubre la libertad con nuestra bicicleta en alquiler. Esta joya sobre dos ruedas es una fusión perfecta de estilo y comodidad. Con un marco liviano y resistente, se desliza con facilidad, mientras que su diseño ergonómico garantiza un manejo suave y sin esfuerzo. Sus brillantes colores capturan la esencia del verano, haciendo de cada paseo una experiencia vibrante y energizante. Aprovecha la comodidad de sus asientos acolchados y sus frenos de alta precisión para disfrutar de un recorrido seguro y agradable. ¡Alquila hoy y empieza a explorar!','Femenino','Bicicleta MTB Lea',1200.00,'26´´','Nuevo',4,'https://c3-e1-digital-booking.s3.us-east-2.amazonaws.com/img/BicicletaMTBLeaKrosskross-bicicleta-mtb-lea-1.jpg',_binary '\0','Blanco y rosado','Aluminio',182,NULL,NULL),(158,'Kross',NULL,'Descubre la libertad con nuestra bicicleta en alquiler. Esta joya sobre dos ruedas es una fusión perfecta de estilo y comodidad. Con un marco liviano y resistente, se desliza con facilidad, mientras que su diseño ergonómico garantiza un manejo suave y sin esfuerzo. Sus brillantes colores capturan la esencia del verano, haciendo de cada paseo una experiencia vibrante y energizante. Aprovecha la comodidad de sus asientos acolchados y sus frenos de alta precisión para disfrutar de un recorrido seguro y agradable. ¡Alquila hoy y empieza a explorar!','Femenino','Bicicleta MTB Lea 1.0',1100.00,'26´´','Seminuevo',4,'https://c3-e1-digital-booking.s3.us-east-2.amazonaws.com/img/BicicletaMTBLea1.0Krosskross-bicicleta-mtb-lea-1.jpg',_binary '\0','Rosa','Aluminio',183,NULL,NULL),(160,'Scott',NULL,'Diseñado tanto para entusiastas como para ciclistas orientados al rendimiento, el ligero Arx impresiona con una gran ventilación y características amigables para el consumidor, como un sistema de ajuste fácil y una visera extraíble.','Femenino','Casco Arx',10.00,'M','Seminuevo',4,'https://c3-e1-digital-booking.s3.us-east-2.amazonaws.com/img/CascoArxScottscott-casco-arx(1).jpg',_binary '\0','Verde','Microcarcasa de policarbonato',201,NULL,NULL),(161,'Scott',NULL,'El sistema Mras Solo Fit totalmente personalizable, la construcción completa en molde y la inteligente red contra insectos aseguran que su casco sea seguro y cómodo sin importar dónde y dónde viaje.','Femenino','Casco Supra Road',10.00,'M','Seminuevo',4,'https://c3-e1-digital-booking.s3.us-east-2.amazonaws.com/img/CascoSupraRoadScottscott-casco-carretera-supra-road(1).jpg',_binary '\0','Lila','Microcarcasa de policarbonato',185,NULL,NULL),(162,'Scott',NULL,'Mips® Air brinda los beneficios de un sistema de protección cerebral Mips® y presenta una construcción única para mejorar aún más la ventilación.','Masculino','Casco Centric Plus MIPS',10.00,'L','Seminuevo',4,'https://c3-e1-digital-booking.s3.us-east-2.amazonaws.com/img/CascoCentricPlusMIPSScottscott-casco-centric-plus-mips(1).jpg',_binary '\0','Rojo','Policarbonato Micro Shell',133,NULL,NULL),(163,'Scott',NULL,'MIPS® Air brinda los beneficios de un sistema de protección cerebral MIPS® y presenta una construcción única para mejorar aún más la ventilación.','Masculino','Casco Carretera Centric Plus MIPS',10.00,'L','Seminuevo',4,'https://c3-e1-digital-booking.s3.us-east-2.amazonaws.com/img/CascoCarreteraCentricPlusMIPSScottscott-casco-arx(1).jpg',_binary '\0','Verde','Microcarcasa de policarbonato',134,NULL,NULL),(164,'OlaIan',NULL,'Núcleo de poliestireno expandido con 1 stringer de madera. Nuevo revestimiento de polietileno laminado en caliente sobre el núcleo para limitar la entrada de agua y mejorar la rigidez. Fondo de polietileno de alta densidad. Encerar antes de usar para no resbalar.','Femenino','Tabla surf espuma 500',250.00,'181cm','Nuevo',5,'https://c3-e1-digital-booking.s3.us-east-2.amazonaws.com/img/Tablasurfespuma500OlaIantabla-espuma-con-1-leash-y-3-quillas-olaian-de-surf-500-6-(3).jpg',_binary '\0','Multicolor','Polietileno',135,NULL,NULL),(165,'OlaIan',NULL,'Núcleo de poliestireno expandido con 1 stringer de madera. Nuevo revestimiento de polietileno laminado en caliente sobre el núcleo para limitar la entrada de agua y mejorar la rigidez. Fondo de polietileno de alta densidad. Encerar antes de usar para no resbalar.','Masculino','Tabla surf OlaIan ',250.00,'191cm','Nuevo',5,'https://c3-e1-digital-booking.s3.us-east-2.amazonaws.com/img/TablasurfOlaIanOlaIantabla-surf-evolutiva-espuma-olaian-900-7-pack-tabla-quillas(1).jpg',_binary '\0','Azúl','Polietileno',136,NULL,NULL),(166,'Roxy',NULL,'Traje de neopreno con cremallera trasera Prologue de 4/3 mm para mujer de Roxy.','Femenino','Traje Cremallera Trasera Prologue',40.00,'M','Buen estado',5,'https://c3-e1-digital-booking.s3.us-east-2.amazonaws.com/img/TrajeCremalleraTraseraPrologueRoxyroxy-traje-cremallera-trasera-prologue-4-3-mm-mujer(1).jpg',_binary '\0','Azúl','Neopreno',137,NULL,NULL),(167,'Jobe',NULL,'El traje de trabajo pesado de Jobes cuenta con aberturas de tobillo ajustadas para una entrada fácil. Este traje completo viene con lujosas costuras cosidas y encoladas para evitar que el agua ingrese. Todas las áreas críticas están cubiertas con cinta de refuerzo.','Masculino','Traje Heavy Duty',40.00,'L','Buen estado',5,'https://c3-e1-digital-booking.s3.us-east-2.amazonaws.com/img/TrajeHeavyDutyJobedescarga(1).jpg',_binary '\0','Negro','Neopreno',199,NULL,NULL),(168,'Selena',NULL,'El arnés SELENA se adapta a la morfología femenina. Destinado a la escalada deportiva, el arnés es confortable para escalar en el rocódromo y en pared. Las perneras elásticas permanecen ajustadas y el cinturón, flexible y más estrecho delante, proporciona una gran libertad de movimiento. Los cuatro anillos portamaterial ofrecen el espacio suficiente para llevar el equipo necesario.','Femenino','Arnés de Escalada SELENA',60.00,'S','Seminuevo',6,'https://c3-e1-digital-booking.s3.us-east-2.amazonaws.com/img/ArnésdeEscaladaSELENASelena91aC5fIhVbL.jpg',_binary '\0','Verde','Poliamida',199,NULL,NULL),(169,'Simond ',NULL,'La construcción Comfort Frame de espuma EVA y mesh 3D, 4 hebillas de ajuste ¡y 4 portamateriales!','Masculino','Arnés Escalada y Alpinismo Rock ',60.00,'M','Seminuevo',6,'https://c3-e1-digital-booking.s3.us-east-2.amazonaws.com/img/ArnésEscaladayAlpinismoRockSimondarnes-escalada-y-alpinismo-simond-rock-azul(1).jpg',_binary '\0','Azúl','Polietileno tereftalato',198,NULL,NULL),(170,'Rock HEX',NULL,'Carcasa duradera de EPP y ABS que ofrece una gran resistencia y máxima ventilación. Protege contra la caída de objetos y garantiza un alto grado de protección contra impactos, incluyendo impactos repetidos. Cuenta con acolchado interior de una sola pieza extraíble y lavable.\n','Femenino','Casco de escalada ',40.00,'M','Buen estado',6,'https://c3-e1-digital-booking.s3.us-east-2.amazonaws.com/img/CascodeescaladaRockHEXsinging-rock-hex-a-testovani-na-via-ferrate-880x493.jpg',_binary '\0','Verde','EPP y ABS',194,NULL,NULL),(171,'Rock HEX',NULL,'Casco duradero y totalmente ventilado para escalada, alpinismo y otras actividades con cuerda. Por su durabilidad, ventilación y versatilidad, es adecuado tanto para la escalada deportiva como para la tradicional, la vía ferrata o los parques de cuerdas.','Masculino','Casco HEX / C0900',40.00,'L','Buen estado',6,'https://c3-e1-digital-booking.s3.us-east-2.amazonaws.com/img/CascoHEX/C0900RockHEXC0900YX0-4.jpg',_binary '\0','Amarillo','ABS',195,NULL,NULL),(172,'Backpack',NULL,'Este morral de escalar es compacto pero espacioso, con múltiples compartimentos para organizar tu equipo. Está diseñado con un material resistente al agua y al desgaste, garantizando durabilidad. Las correas ajustables y acolchadas proporcionan una comodidad óptima durante las escaladas largas. Además, cuenta con soportes externos para equipo adicional como cascos y mosquetones. Su color brillante y detalles reflectantes mejoran la visibilidad. Ideal para los entusiastas de la escalada que buscan funcionalidad y estilo.','Femenino','Mochila Hiking Backpack',50.00,'50L','Seminuevo',6,'https://c3-e1-digital-booking.s3.us-east-2.amazonaws.com/img/HikingBackpackBackpackD_NQ_NP_619614-MCO45073682193_032021-O.jpg',_binary '\0','Gris y naranja','Nylon',196,NULL,NULL),(173,'Granite Gear',NULL,'Marco Mark 2 con capacidad de carga de 35 lb (15 kg) Arnés de hombro de doble densidad con correas de levantamiento de carga y correa de esternón extraíble Re Fit totalmente ajustable (de 28 a 40 pulgadas), cinturón de cadera de doble densidad Bolsillos dobles grandes para cinturón de cadera con tratamiento DWR.','Masculino','Mochila Crown2',50.00,'60L','Seminuevo',6,'https://c3-e1-digital-booking.s3.us-east-2.amazonaws.com/img/MochilaCrown2GraniteGeargranite-gear-mochila-crown2-m-60l(1).jpg',_binary '\0','Verde','Nylon',201,NULL,NULL),(174,'Singing Rock',NULL,'Paquete perfecto que contiene el equipo básico para via ferratas.','Femenino','Combo Singing Rock Ferrata II',100.00,'M - L','Buen estado',6,'https://c3-e1-digital-booking.s3.us-east-2.amazonaws.com/img/ComboSingingRockFerrataIISingingRocksinging-rock-ferrata-ii(1).jpg',_binary '\0','Amarillo','Multimaterial',198,NULL,NULL),(175,'Ocun',NULL,'Paquete perfecto que contiene el equipo básico para via ferratas.','Masculino','Combo Via Ferrata Twist Pail',100.00,'L - XL','Buen estado',6,'https://c3-e1-digital-booking.s3.us-east-2.amazonaws.com/img/PaqueteViaFerrataTwistPailOcundescarga.jpg',_binary '\0','Gris y blanco','Multimaterial',199,NULL,NULL),(176,'Snap',NULL,'Su exclusivo sistema de apertura entre las correas permite un fácil acceso al equipo y mantiene las correas a salvo de la suciedad. Sus dos bolsillos laterales son accesibles desde el exterior para zapatos y tizas, lo que permite que el interior de la bolsa se mantenga limpio. Bolsillo exterior compartimentado.','No aplica','Mochila Climbing Bolsa Snapack',40.00,'40L','Seminuevo',6,'https://c3-e1-digital-booking.s3.us-east-2.amazonaws.com/img/ClimbingBolsaSnapackSnapsnap-climbing-bolsa-snapack-40l(1).jpg',_binary '\0','Negro','Poliuretano Termoplástico',200,NULL,NULL),(177,'Sea to summit',NULL,'La serie Spark ™ abarca desde un forro ultraligero hasta una bolsa de peso de expedición a mediados de invierno. Si bien el uso final es muy diferente, reflejan un espíritu de diseño que combina las condiciones climáticas con la bolsa más ligera posible.','Masculino','Saco De Dormir Spark',200.00,'Individual','Nuevo',6,'https://c3-e1-digital-booking.s3.us-east-2.amazonaws.com/img/SacoDeDormirSparkSeatosummitsea-to-summit-saco-de-dormir-spark-spiv(1).jpg',_binary '\0','Gris y naranja','Nylon',135,NULL,NULL),(178,'Sea to summit',NULL,'La serie Flame ™ abarca todo, desde un forro ultraligero hasta una bolsa de invierno de peso de expedición. Si bien el uso final es muy diferente, reflejan un espíritu de diseño de condiciones climáticas adecuadas para la bolsa más liviana posible.','Femenino','Saco De Dormir Flame',200.00,'Individual','Nuevo',6,'https://c3-e1-digital-booking.s3.us-east-2.amazonaws.com/img/SacoDeDormirFlameSeatosummitsea-to-summit-saco-de-dormir-flame-fmiii(1).jpg',_binary '\0','Gris y rojo','Naylon',136,NULL,NULL),(180,'YellowV',NULL,'El kayak inflable ha sido diseñado teniendo en cuenta las necesidades del pescador de kayak; su haz ancho proporciona la máxima estabilidad al tiempo que atrae grandes capturas; el material de varias capas, las almohadillas de abrasión adicionales y las múltiples cámaras de aire proporcionan la máxima durabilidad para condiciones agresivas.','No aplica','Combo Kayak Individual',150.00,'Individual','Buen estado',7,'https://c3-e1-digital-booking.s3.us-east-2.amazonaws.com/img/ComboKayakIndividualYellowVyellowv-kayak(1).jpg',_binary '\0','Negro','Inflable',137,NULL,NULL),(181,'YellowV',NULL,'El kayak inflable ha sido diseñado teniendo en cuenta las necesidades del pescador de kayak; su haz ancho proporciona la máxima estabilidad al tiempo que atrae grandes capturas; el material de varias capas, las almohadillas de abrasión adicionales y las múltiples cámaras de aire proporcionan la máxima durabilidad para condiciones agresivas.','No aplica','Combo Kayak 3 personas',250.00,'3 personas','Seminuevo',7,'https://c3-e1-digital-booking.s3.us-east-2.amazonaws.com/img/ComboKayak3personasYellowVyellowv-kayak(1).jpg',_binary '\0','Negro','Inflable',138,NULL,NULL),(182,'Aqua Marina',NULL,'Diseñados teniendo en cuenta la seguridad, la estabilidad y el rendimiento, estos kayaks son los botes ideales de bajo mantenimiento para aquellos que buscan meterse en el agua en una embarcación versátil y fácil de remar. Los kayaks BETTA son fáciles de manejar, a la vez que brindan diversión para la familia, los amigos o cualquier uso recreativo. Los viajes fáciles de fin de semana o hurgando en los lagos y ríos son donde estos barcos se destacarán.','No aplica','Kayak Hinchable Betta 475',250.00,'3 personas','Nuevo',7,'https://c3-e1-digital-booking.s3.us-east-2.amazonaws.com/img/KayakHinchableBetta475AquaMarinaaqua-marina-kayak-hinchable-betta-475(1).jpg',_binary '\0','Verde','Policrilato de 33 mil (PVC K80)',139,NULL,NULL),(183,'Intex',NULL,'El kayak inflable ha sido diseñado teniendo en cuenta las necesidades del pescador de kayak; su haz ancho proporciona la máxima estabilidad al tiempo que atrae grandes capturas; el material de varias capas, las almohadillas de abrasión adicionales y las múltiples cámaras de aire proporcionan la máxima durabilidad para condiciones agresivas.','No aplica','Kayak Challenger K1',100.00,'Individual','Reacondicionado',7,'https://c3-e1-digital-booking.s3.us-east-2.amazonaws.com/img/KayakExcursionProK2Intexintex-kayak-excursion-pro-k2-inflatable(1).jpg',_binary '\0','Verde','Policrilato de 33 mil (PVC K80)',140,NULL,NULL),(184,'Intex',NULL,'La embarcación tiene una forma ergonómica para facilitar la navegación y una lona resistente de triple capa de 0,75 mm de grosor y un llamativo color naranja intenso que le da una mayor visibilidad en el agua.','No aplica','Kayak Excursion Pro K2',150.00,'2 Personas','Buen estado',7,'https://c3-e1-digital-booking.s3.us-east-2.amazonaws.com/img/KayakExcursionProK2Intexintex-kayak-excursion-pro-k2-inflatable(5).jpg',_binary '\0','Rojo','Policrilato de 33 mil (PVC K80)',141,NULL,NULL),(185,'Aqua Marina',NULL,'Kayak Aqua Marina LAXO 10´6´´es ideal tanto para principiantes como para usuarios avanzados para su uso en ríos y lagos. Fue diseñado con una nariz de cono duro en forma de letra V. La cubierta del piso y el casco superior de las cámaras laterales están construidos con poliéster extra fuerte para una gran durabilidad y rigidez.','No aplica','Kayak Hinchable Laxo 320',180.00,'2 personas','Nuevo',7,'https://c3-e1-digital-booking.s3.us-east-2.amazonaws.com/img/KayakHinchableLaxo320AquaMarinaaqua-marina-kayak-hinchable-laxo-320(1).jpg',_binary '\0','Verde','Policrilato de 33 mil (PVC K80)',142,NULL,NULL),(203,'Sea Eagle',NULL,'Kayak inflable más liviano y portátil es el más popular de Estados Unidos, el versátil SE330 pesa solo 26 lb. y se empaqueta lo suficientemente pequeño como para caber en el baúl de un automóvil más pequeño. Este asequible kayak deportivo inflable es tan liviano y portátil como es posible, pero aún así es notablemente estable y duradero. No dejes que el peso ligero te engañe, es un kayak resistente capaz de albergar a 2 personas o 500 libras y, sin embargo, es lo suficientemente fácil de transportar y remar por uno.','No aplica','Kayak Inflable 330',130.00,'2 personas','Seminuevo',7,'https://c3-e1-digital-booking.s3.us-east-2.amazonaws.com/img/KayakInflable330SeaEagle1.jpg',_binary '\0','Blanco','Plástico de polietileno de alta densidad',211,NULL,NULL),(204,'Mousa',NULL,'Cuerpo amplio y diseño aerodinámico tabla de MOUSA. La tabla SUP de MOUSA está hecha con una proporción de 10 \'8 \'\'x 33\" x 6 \", con hasta 330 lb. Capacidad de peso y diseño de cuerpo amplio. Estos garantizan la estabilidad de la pesca, el surf y la diversión familiar, mientras que el diseño aerodinámico garantiza un remo de alta eficiencia.','No aplica','Tabla Paddle',280.00,'195cm','Nuevo',5,'https://c3-e1-digital-booking.s3.us-east-2.amazonaws.com/img/TablaPaddleMousaMOUSA-tablas-de-Paddle-hinchables-11-x-34-x-6-SUP-Ultra-ancho-con-correa-para(1).jpg',_binary '\0','Azúl','Polietileno',212,NULL,NULL),(206,'Edelrid',NULL,'Cuerda dinámica simple para escalada en roca: Deportiva y vías de varios largos.\nEl modelo Python 10 mm de Edelrid es una cuerda simple todoterreno fabricada para la escalada en roca de todo tipo. Se trata de un modelo básico especialmente diseñado para la iniciación. Muy interesante para los que buscan su primera cuerda, pero quieren una cuerda ligera y económica pero de la máxima calidad.','No aplica','Cuerda de escalada',150.00,'60m','Nuevo',96,'https://c3-e1-digital-booking.s3.us-east-2.amazonaws.com/img/CuerdadeescaladaEdelridcuerda.webp',_binary '\0','rojo','Poliamida',134,NULL,NULL),(207,'prueba',NULL,'prueba','No aplica','prueba',100.00,'prueba','Nuevo',96,'https://c3-e1-digital-booking.s3.us-east-2.amazonaws.com/img/pruebapruebacuerda.webp',_binary '\0','prueba','prueba',134,NULL,NULL),(208,'Greylo',NULL,'Los patines en línea LT 100 en linea de K2 tienen una relación precio-rendimiento realmente buena. Si te gusta desplazarte y hacer ejercicio con patines en línea, este par es una opción óptima para ti. Estos patines en línea de K2 vienen equipados con una bota de una sola pieza and blanda de calidad. Esta combinación te proporcionará un buen ajuste, capacidad de respuesta y comodidad. Estos patines te quedaran bien si tienes los pies ligeramente estrechos.','No aplica','Patines MF500',500.00,'37','Nuevo',98,'https://c3-e1-digital-booking.s3.us-east-2.amazonaws.com/img/PatinesMF500Greyloimg-1.png',_binary '\0','Amarillo','Fibra',219,NULL,NULL);
/*!40000 ALTER TABLE `product` ENABLE KEYS */;
UNLOCK TABLES;

--
-- Table structure for table `product_comments`
--

DROP TABLE IF EXISTS `product_comments`;
/*!40101 SET @saved_cs_client     = @@character_set_client */;
/*!50503 SET character_set_client = utf8mb4 */;
CREATE TABLE `product_comments` (
  `id` bigint NOT NULL AUTO_INCREMENT,
  `comment` varchar(255) DEFAULT NULL,
  `score` double DEFAULT NULL,
  `product_entity_id` bigint DEFAULT NULL,
  `user_entity_id` bigint DEFAULT NULL,
  PRIMARY KEY (`id`),
  KEY `FKdtrimohh5i9g3viutsak4yub9` (`product_entity_id`),
  KEY `FKkn65rj1cl5pdimjdk9pjt9g9b` (`user_entity_id`),
  CONSTRAINT `FKdtrimohh5i9g3viutsak4yub9` FOREIGN KEY (`product_entity_id`) REFERENCES `product` (`id`),
  CONSTRAINT `FKkn65rj1cl5pdimjdk9pjt9g9b` FOREIGN KEY (`user_entity_id`) REFERENCES `user` (`id`)
) ENGINE=InnoDB AUTO_INCREMENT=23 DEFAULT CHARSET=utf8mb4 COLLATE=utf8mb4_0900_ai_ci;
/*!40101 SET character_set_client = @saved_cs_client */;

--
-- Dumping data for table `product_comments`
--

LOCK TABLES `product_comments` WRITE;
/*!40000 ALTER TABLE `product_comments` DISABLE KEYS */;
INSERT INTO `product_comments` VALUES (1,'Magnífico producto',4.5,35,67),(15,'Realmente genial!!',5,140,74),(16,'Me encantó!! Realmente era justo lo que necesitaba',5,42,98),(17,'Realmente genial!!',5,151,53),(18,'Maravilloso producto!!',5,135,98),(19,'Me encantó este producto!!',5,165,98),(20,'Muy buen producto!',4,39,67),(21,'aaa',3,33,74),(22,'test',4,171,74);
/*!40000 ALTER TABLE `product_comments` ENABLE KEYS */;
UNLOCK TABLES;

--
-- Table structure for table `product_images`
--

DROP TABLE IF EXISTS `product_images`;
/*!40101 SET @saved_cs_client     = @@character_set_client */;
/*!50503 SET character_set_client = utf8mb4 */;
CREATE TABLE `product_images` (
  `id` bigint NOT NULL AUTO_INCREMENT,
  `imageurl` varchar(255) DEFAULT NULL,
  `product_entity_id` bigint DEFAULT NULL,
  PRIMARY KEY (`id`),
  KEY `FKdc22o6b8yh6k2wryupg0o412f` (`product_entity_id`),
  CONSTRAINT `FKdc22o6b8yh6k2wryupg0o412f` FOREIGN KEY (`product_entity_id`) REFERENCES `product` (`id`)
) ENGINE=InnoDB AUTO_INCREMENT=521 DEFAULT CHARSET=utf8mb4 COLLATE=utf8mb4_0900_ai_ci;
/*!40101 SET character_set_client = @saved_cs_client */;

--
-- Dumping data for table `product_images`
--

LOCK TABLES `product_images` WRITE;
/*!40000 ALTER TABLE `product_images` DISABLE KEYS */;
INSERT INTO `product_images` VALUES (7,'https://c3-e1-digital-booking.s3.us-east-2.amazonaws.com/img/carpa-amarilla-en-el-camping-que-rodea-por-naturaleza-orillas-del-r%C3%ADo-y-recreaci%C3%B3n-224684647.webp',31),(8,'https://c3-e1-digital-booking.s3.us-east-2.amazonaws.com/img/carpa-amarilla-en-el-camping-que-rodea-por-naturaleza-orillas-del-r%C3%ADo-y-recreaci%C3%B3n-224684647.webp',31),(9,'https://c3-e1-digital-booking.s3.us-east-2.amazonaws.com/img/tienda-ellos-mismos-del-amarillo-de-la-estructura-de-los-adolescentes-en-bosque-61478601.webp',31),(10,'https://c3-e1-digital-booking.s3.us-east-2.amazonaws.com/img/tienda-amarilla-20354006.webp',31),(11,'https://c3-e1-digital-booking.s3.us-east-2.amazonaws.com/img/tienda-amarilla-20354006.webp',31),(12,'https://c3-e1-digital-booking.s3.us-east-2.amazonaws.com/img/mochila_osprey_50_lts_viva_mujer_21_imagen2.jpg',32),(13,'https://c3-e1-digital-booking.s3.us-east-2.amazonaws.com/img/mochila_osprey_50_lts_viva_mujer_19_imagen4.jpg',32),(14,'https://c3-e1-digital-booking.s3.us-east-2.amazonaws.com/img/mochila_osprey_50_lts_viva_mujer_18_small_thumb3.jpg',32),(15,'https://c3-e1-digital-booking.s3.us-east-2.amazonaws.com/img/mochila_osprey_50_lts_viva_mujer_21_imagen2.jpg',32),(16,'https://c3-e1-digital-booking.s3.us-east-2.amazonaws.com/img/Mochila%20Volt60Volt60MochilaHombre.jpg',33),(17,'https://c3-e1-digital-booking.s3.us-east-2.amazonaws.com/img/mochila_osprey_kyte_36_2_small_thumb4.jpg',33),(18,'https://c3-e1-digital-booking.s3.us-east-2.amazonaws.com/img/mochila_de_trekking_osprey_aether_55_1_small_thumb2.jpg',33),(19,'https://c3-e1-digital-booking.s3.us-east-2.amazonaws.com/img/Mochila%20Volt60Volt60MochilaHombre.jpg',33),(20,'https://c3-e1-digital-booking.s3.us-east-2.amazonaws.com/img/61GsoBOzIQL._AC_UF350%2C350_QL80_.jpg',35),(21,'https://c3-e1-digital-booking.s3.us-east-2.amazonaws.com/img/61yIj2559gL._AC_UF1000%2C1000_QL80_.jpg',35),(22,'https://c3-e1-digital-booking.s3.us-east-2.amazonaws.com/img/scarpa-maestrale-rs-2021-botas-de-esqui-de-travesia-hombre.webp',35),(23,'https://c3-e1-digital-booking.s3.us-east-2.amazonaws.com/img/botaAT.jpg',35),(24,'https://c3-e1-digital-booking.s3.us-east-2.amazonaws.com/img/botashombre.jpg',34),(25,'https://c3-e1-digital-booking.s3.us-east-2.amazonaws.com/img/bota-scarpa-maestrale-rs-hombre.jpg',34),(26,'https://c3-e1-digital-booking.s3.us-east-2.amazonaws.com/img/scarpabotas.jpg',34),(27,'https://c3-e1-digital-booking.s3.us-east-2.amazonaws.com/img/botaScarpa.jpg',34),(28,'https://c3-e1-digital-booking.s3.us-east-2.amazonaws.com/img/volkl_2223_blaze-106_122426_1.webp',36),(29,'https://c3-e1-digital-booking.s3.us-east-2.amazonaws.com/img/volkl.jpg',36),(30,'https://c3-e1-digital-booking.s3.us-east-2.amazonaws.com/img/volklblaza.jpg',36),(31,'https://c3-e1-digital-booking.s3.us-east-2.amazonaws.com/img/volkl_2223_blaze-106_122426_1.webp',36),(32,'https://c3-e1-digital-booking.s3.us-east-2.amazonaws.com/img/2122-weston-backwoods-splitboard-carly_finke-3-square_720x_968ec7e4-f749-41b3-983f-aea60c166c17_480x480.webp',37),(33,'https://c3-e1-digital-booking.s3.us-east-2.amazonaws.com/img/westonbackwoods-splitboard-john-fellows-tail-3.jpg',37),(34,'https://c3-e1-digital-booking.s3.us-east-2.amazonaws.com/img/weston-backwoods-snowboard-jf-p-carlyfinke-1_2500x.jpg',37),(35,'https://c3-e1-digital-booking.s3.us-east-2.amazonaws.com/img/Tabla de splitWestonBackwoodsTabla.jpg',37),(36,'https://c3-e1-digital-booking.s3.us-east-2.amazonaws.com/img/smithcasco.webp',38),(37,'https://c3-e1-digital-booking.s3.us-east-2.amazonaws.com/img/Smith-Level-Mips-Snow-Helmet-Matt-Black-E006289KS-s.jpg',38),(38,'https://c3-e1-digital-booking.s3.us-east-2.amazonaws.com/img/smithcasco.webp',38),(39,'https://c3-e1-digital-booking.s3.us-east-2.amazonaws.com/img/Smith-Level-Mips-Snow-Helmet-Matt-Black-E006289KS-s.jpg',38),(40,'https://c3-e1-digital-booking.s3.us-east-2.amazonaws.com/img/smithverde.jpg',39),(41,'https://c3-e1-digital-booking.s3.us-east-2.amazonaws.com/img/smithverde.jpg',39),(42,'https://c3-e1-digital-booking.s3.us-east-2.amazonaws.com/img/cascosmith.jpg',39),(43,'https://c3-e1-digital-booking.s3.us-east-2.amazonaws.com/img/CascoSmithCascoHombre.jpg',39),(44,'https://c3-e1-digital-booking.s3.us-east-2.amazonaws.com/img/bicimujer.jpg',40),(45,'https://c3-e1-digital-booking.s3.us-east-2.amazonaws.com/img/bicicletamujer.png',40),(46,'https://c3-e1-digital-booking.s3.us-east-2.amazonaws.com/img/bicimujer.jpg',40),(47,'https://c3-e1-digital-booking.s3.us-east-2.amazonaws.com/img/bicicletamujer.png',40),(48,'https://c3-e1-digital-booking.s3.us-east-2.amazonaws.com/img/bicihombre.webp',41),(49,'https://c3-e1-digital-booking.s3.us-east-2.amazonaws.com/img/1500673798_dsc_1242.jpg',41),(50,'https://c3-e1-digital-booking.s3.us-east-2.amazonaws.com/img/bicihombre.webp',41),(51,'https://c3-e1-digital-booking.s3.us-east-2.amazonaws.com/img/bicicletahombre.jpg',41),(52,'https://c3-e1-digital-booking.s3.us-east-2.amazonaws.com/img/Tabla-Surf-Iniciacion-Espuma-100-75-Leash-3-Quillas.jpg',42),(53,'https://c3-e1-digital-booking.s3.us-east-2.amazonaws.com/img/Tabla-Surf-Iniciacion-Espuma-100-75-Leash-3-Quillas%20%281%29.jpg',42),(54,'https://c3-e1-digital-booking.s3.us-east-2.amazonaws.com/img/Tablamujer.png',42),(55,'https://c3-e1-digital-booking.s3.us-east-2.amazonaws.com/img/tablamujer2.png',42),(56,'https://c3-e1-digital-booking.s3.us-east-2.amazonaws.com/img/hombretabla.jpg',43),(57,'https://c3-e1-digital-booking.s3.us-east-2.amazonaws.com/img/tablaazul.webp',43),(58,'https://c3-e1-digital-booking.s3.us-east-2.amazonaws.com/img/tablasurf.jpg',43),(59,'https://c3-e1-digital-booking.s3.us-east-2.amazonaws.com/img/81nn9uIm9qL._AC_US1000_.jpg',43),(60,'https://c3-e1-digital-booking.s3.us-east-2.amazonaws.com/img/arnesmujer.jpg',44),(61,'https://c3-e1-digital-booking.s3.us-east-2.amazonaws.com/img/arnesfemenino.jpg',44),(62,'https://c3-e1-digital-booking.s3.us-east-2.amazonaws.com/img/Arn%C3%A9s%20Jeany%203%20-%20Edelrid.jpg',44),(63,'https://c3-e1-digital-booking.s3.us-east-2.amazonaws.com/img/Arn%C3%A9sJayneIIIArn%C3%A9sM.jpg',44),(64,'https://c3-e1-digital-booking.s3.us-east-2.amazonaws.com/img/arneshombre.jpg',45),(65,'https://c3-e1-digital-booking.s3.us-east-2.amazonaws.com/img/arneshom.jpg',45),(66,'https://c3-e1-digital-booking.s3.us-east-2.amazonaws.com/img/wildcountry-arnes-sessionhombre.jpg',45),(67,'https://c3-e1-digital-booking.s3.us-east-2.amazonaws.com/img/arnesmasculino.jpg',45),(73,'https://c3-e1-digital-booking.s3.us-east-2.amazonaws.com/img/kayaknaranja.jpg',46),(74,'https://c3-e1-digital-booking.s3.us-east-2.amazonaws.com/img/kayak-doble-hydro-force-ventura-330-x-94-cm-800x800_Zwkkyit.jpg',46),(75,'https://c3-e1-digital-booking.s3.us-east-2.amazonaws.com/img/kayakpareja.jpg',46),(76,'https://c3-e1-digital-booking.s3.us-east-2.amazonaws.com/img/kayakdoblepareja.jpg',46),(77,'https://c3-e1-digital-booking.s3.us-east-2.amazonaws.com/img/kayaksolito.jpg',47),(78,'https://c3-e1-digital-booking.s3.us-east-2.amazonaws.com/img/kayakamarillo.jpg',47),(79,'https://c3-e1-digital-booking.s3.us-east-2.amazonaws.com/img/kayaksolo.jpg',47),(80,'https://c3-e1-digital-booking.s3.us-east-2.amazonaws.com/img/kayakindi.png',47),(81,'https://c3-e1-digital-booking.s3.us-east-2.amazonaws.com/img/kayakrigi.webp',48),(82,'https://c3-e1-digital-booking.s3.us-east-2.amazonaws.com/img/kayakri.jpg',48),(83,'https://c3-e1-digital-booking.s3.us-east-2.amazonaws.com/img/kayak.jpg',48),(84,'https://c3-e1-digital-booking.s3.us-east-2.amazonaws.com/img/Kayak RígidoPelicanKayak.jpg',48),(152,'https://c3-e1-digital-booking.s3.us-east-2.amazonaws.com/img/CarpaTulumColeman26573719_4',119),(153,'https://c3-e1-digital-booking.s3.us-east-2.amazonaws.com/img/CarpaTulumColemancoleman-latam-tulum-6p-2147129-2',119),(154,'https://c3-e1-digital-booking.s3.us-east-2.amazonaws.com/img/CarpaTulumColemangsc_115253184_1059531_1',119),(155,'https://c3-e1-digital-booking.s3.us-east-2.amazonaws.com/img/CarpaTulumColeman2147126_5',119),(160,'https://c3-e1-digital-booking.s3.us-east-2.amazonaws.com/img/SacodedormirparamujerLafuma15962115fc6604e315256',121),(161,'https://c3-e1-digital-booking.s3.us-east-2.amazonaws.com/img/SacodedormirparamujerLafumalafuma-0525-8442601-1-product',121),(162,'https://c3-e1-digital-booking.s3.us-east-2.amazonaws.com/img/SacodedormirparamujerLafumalafuma-active-10-nightshade-mujer',121),(163,'https://c3-e1-digital-booking.s3.us-east-2.amazonaws.com/img/SacodedormirparamujerLafumalafuma-saco-de-dormir-active-10-c-mujer',121),(164,'https://c3-e1-digital-booking.s3.us-east-2.amazonaws.com/img/SacodedormirparahombreLafumaActivelafuma-active-0-saco-de-dormir(2)',122),(165,'https://c3-e1-digital-booking.s3.us-east-2.amazonaws.com/img/SacodedormirparahombreLafumaActivelafuma-active-0-saco-de-dormir(1)',122),(166,'https://c3-e1-digital-booking.s3.us-east-2.amazonaws.com/img/SacodedormirparahombreLafumaActivelafuma-active-0-saco-de-dormir(4)',122),(167,'https://c3-e1-digital-booking.s3.us-east-2.amazonaws.com/img/SacodedormirparahombreLafumaActivelafuma-active-0-saco-de-dormir',122),(168,'https://c3-e1-digital-booking.s3.us-east-2.amazonaws.com/img/SacodedormirdobleLafuma4818928-14126994-thickbox',123),(169,'https://c3-e1-digital-booking.s3.us-east-2.amazonaws.com/img/SacodedormirdobleLafuma4818928-14126996-thickbox',123),(170,'https://c3-e1-digital-booking.s3.us-east-2.amazonaws.com/img/SacodedormirdobleLafuma4818928-14126997-thickbox',123),(171,'https://c3-e1-digital-booking.s3.us-east-2.amazonaws.com/img/SacodedormirdobleLafuma4818928-14126998-thickbox',123),(172,'https://c3-e1-digital-booking.s3.us-east-2.amazonaws.com/img/HORNILLOJetboil3715741-11313799-thickbox',124),(173,'https://c3-e1-digital-booking.s3.us-east-2.amazonaws.com/img/HORNILLOJetboil3715741-11313800-thickbox',124),(174,'https://c3-e1-digital-booking.s3.us-east-2.amazonaws.com/img/HORNILLOJetboil3715741-11313801-thickbox',124),(175,'https://c3-e1-digital-booking.s3.us-east-2.amazonaws.com/img/HORNILLOJetboil3715741-11313802-thickbox',124),(176,'https://c3-e1-digital-booking.s3.us-east-2.amazonaws.com/img/HORNILLOJetboiljetboil-hornillo-camping-stash(1)',124),(177,'https://c3-e1-digital-booking.s3.us-east-2.amazonaws.com/img/HORNILLOJetboiljetboil-hornillo-camping-stash(2)',124),(178,'https://c3-e1-digital-booking.s3.us-east-2.amazonaws.com/img/HORNILLOJetboiljetboil-hornillo-camping-stash(3)',124),(179,'https://c3-e1-digital-booking.s3.us-east-2.amazonaws.com/img/HORNILLOJetboiljetboil-hornillo-camping-stash',124),(180,'https://c3-e1-digital-booking.s3.us-east-2.amazonaws.com/img/JetboilFlashJetboiljetboil-flash(2)',125),(181,'https://c3-e1-digital-booking.s3.us-east-2.amazonaws.com/img/JetboilFlashJetboiljetboil-flash(3)',125),(182,'https://c3-e1-digital-booking.s3.us-east-2.amazonaws.com/img/JetboilFlashJetboiljetboil-flash(4)',125),(183,'https://c3-e1-digital-booking.s3.us-east-2.amazonaws.com/img/JetboilFlashJetboiljetboil-flash(5)',125),(184,'https://c3-e1-digital-booking.s3.us-east-2.amazonaws.com/img/JetboilFlashJetboiljetboil-flash(7)',125),(185,'https://c3-e1-digital-booking.s3.us-east-2.amazonaws.com/img/JetboilFlashJetboiljetboil-flash',125),(186,'https://c3-e1-digital-booking.s3.us-east-2.amazonaws.com/img/TelescopioSolarixBresserbresser-telescopio-solarix-76-350(2).jpg',126),(187,'https://c3-e1-digital-booking.s3.us-east-2.amazonaws.com/img/TelescopioSolarixBresserbresser-telescopio-solarix-76-350(3).jpg',126),(188,'https://c3-e1-digital-booking.s3.us-east-2.amazonaws.com/img/TelescopioSolarixBresserbresser-telescopio-solarix-76-350(4).jpg',126),(189,'https://c3-e1-digital-booking.s3.us-east-2.amazonaws.com/img/TelescopioSolarixBresserbresser-telescopio-solarix-76-350.jpg',126),(190,'https://c3-e1-digital-booking.s3.us-east-2.amazonaws.com/img/TelescopioNationalGeographicNationalGeographicnational-geographic-telescopio-9071000(2).jpg',127),(191,'https://c3-e1-digital-booking.s3.us-east-2.amazonaws.com/img/TelescopioNationalGeographicNationalGeographicnational-geographic-telescopio-9071000(3).jpg',127),(192,'https://c3-e1-digital-booking.s3.us-east-2.amazonaws.com/img/TelescopioNationalGeographicNationalGeographicnational-geographic-telescopio-9071000(4).jpg',127),(193,'https://c3-e1-digital-booking.s3.us-east-2.amazonaws.com/img/TelescopioNationalGeographicNationalGeographicnational-geographic-telescopio-9071000.jpg',127),(194,'https://c3-e1-digital-booking.s3.us-east-2.amazonaws.com/img/NeveraPortátilRígidaXtremeColemancoleman-nevera-portatil-rigida-xtreme-94.jpg',128),(195,'https://c3-e1-digital-booking.s3.us-east-2.amazonaws.com/img/NeveraPortátilRígidaXtremeColemancoleman-nevera-portatil-rigida-xtreme-94.jpg',128),(196,'https://c3-e1-digital-booking.s3.us-east-2.amazonaws.com/img/NeveraPortátilRígidaXtremeColemancoleman-nevera-portatil-rigida-xtreme-94.jpg',128),(197,'https://c3-e1-digital-booking.s3.us-east-2.amazonaws.com/img/NeveraPortátilRígidaXtremeColemancoleman-nevera-portatil-rigida-xtreme-94.jpg',128),(198,'https://c3-e1-digital-booking.s3.us-east-2.amazonaws.com/img/NeveraPortátilBlandaBoxCampingazcampingaz-nevera-portatil-blanda-box-3l(2).jpg',129),(199,'https://c3-e1-digital-booking.s3.us-east-2.amazonaws.com/img/NeveraPortátilBlandaBoxCampingazcampingaz-nevera-portatil-blanda-box-3l(3).jpg',129),(200,'https://c3-e1-digital-booking.s3.us-east-2.amazonaws.com/img/NeveraPortátilBlandaBoxCampingazcampingaz-nevera-portatil-blanda-box-3l(4).jpg',129),(201,'https://c3-e1-digital-booking.s3.us-east-2.amazonaws.com/img/NeveraPortátilBlandaBoxCampingazcampingaz-nevera-portatil-blanda-box-3l(5).jpg',129),(202,'https://c3-e1-digital-booking.s3.us-east-2.amazonaws.com/img/NeveraPortátilBlandaBoxCampingazcampingaz-nevera-portatil-blanda-box-3l(6).jpg',129),(203,'https://c3-e1-digital-booking.s3.us-east-2.amazonaws.com/img/NeveraPortátilBlandaBoxCampingazcampingaz-nevera-portatil-blanda-box-3l.jpg',129),(204,'https://c3-e1-digital-booking.s3.us-east-2.amazonaws.com/img/MesaPlegableAktiveaktive-mesa-plegable-de-camping-altura-regulable-con-malla(3).jpg',130),(205,'https://c3-e1-digital-booking.s3.us-east-2.amazonaws.com/img/MesaPlegableAktiveaktive-mesa-plegable-de-camping-altura-regulable-con-malla(4).jpg',130),(206,'https://c3-e1-digital-booking.s3.us-east-2.amazonaws.com/img/MesaPlegableAktiveaktive-mesa-plegable-de-camping-altura-regulable-con-malla(5).jpg',130),(207,'https://c3-e1-digital-booking.s3.us-east-2.amazonaws.com/img/MesaPlegableAktiveaktive-mesa-plegable-de-camping-altura-regulable-con-malla(6).jpg',130),(208,'https://c3-e1-digital-booking.s3.us-east-2.amazonaws.com/img/MesaPlegableAktiveaktive-mesa-plegable-de-camping-altura-regulable-con-malla(7).jpg',130),(209,'https://c3-e1-digital-booking.s3.us-east-2.amazonaws.com/img/MesaPlegableAktiveaktive-mesa-plegable-de-camping-altura-regulable-con-malla(2).jpg',130),(210,'https://c3-e1-digital-booking.s3.us-east-2.amazonaws.com/img/SillaPlegableAktiveaktive-silla-plegable-54x57x91-cm(2).jpg',131),(211,'https://c3-e1-digital-booking.s3.us-east-2.amazonaws.com/img/SillaPlegableAktiveaktive-silla-plegable-54x57x91-cm(3).jpg',131),(212,'https://c3-e1-digital-booking.s3.us-east-2.amazonaws.com/img/SillaPlegableAktiveaktive-silla-plegable-54x57x91-cm(4).jpg',131),(213,'https://c3-e1-digital-booking.s3.us-east-2.amazonaws.com/img/SillaPlegableAktiveaktive-silla-plegable-54x57x91-cm(5).jpg',131),(214,'https://c3-e1-digital-booking.s3.us-east-2.amazonaws.com/img/SillaPlegableAktiveaktive-silla-plegable-54x57x91-cm(6).jpg',131),(215,'https://c3-e1-digital-booking.s3.us-east-2.amazonaws.com/img/SillaPlegableAktiveaktive-silla-plegable-54x57x91-cm.jpg',131),(216,'https://c3-e1-digital-booking.s3.us-east-2.amazonaws.com/img/EsquísAlpinosPerfectoJoyHeadhead-esquis-alpinos-perfecto-joy-slr-joy-p-joy-9-gw-slr-b85(2).jpg',132),(217,'https://c3-e1-digital-booking.s3.us-east-2.amazonaws.com/img/EsquísAlpinosPerfectoJoyHeadhead-esquis-alpinos-perfecto-joy-slr-joy-p-joy-9-gw-slr-b85(3).jpg',132),(218,'https://c3-e1-digital-booking.s3.us-east-2.amazonaws.com/img/EsquísAlpinosPerfectoJoyHeadhead-esquis-alpinos-perfecto-joy-slr-joy-p-joy-9-gw-slr-b85(4).jpg',132),(219,'https://c3-e1-digital-booking.s3.us-east-2.amazonaws.com/img/EsquísAlpinosPerfectoJoyHeadhead-esquis-alpinos-perfecto-joy-slr-joy-p-joy-9-gw-slr-b85(5).jpg',132),(220,'https://c3-e1-digital-booking.s3.us-east-2.amazonaws.com/img/EsquísAlpinosPerfectoJoyHeadhead-esquis-alpinos-perfecto-joy-slr-joy-p-joy-9-gw-slr-b85.jpg',132),(221,'https://c3-e1-digital-booking.s3.us-east-2.amazonaws.com/img/EsquísAlpinosBlackopsRossignolrossignol-esquis-alpinos-mujer-blackops-92-open-nx-11-gw-b100(1).jpg',133),(222,'https://c3-e1-digital-booking.s3.us-east-2.amazonaws.com/img/EsquísAlpinosBlackopsRossignolrossignol-esquis-alpinos-mujer-blackops-92-open-nx-11-gw-b100(2).jpg',133),(223,'https://c3-e1-digital-booking.s3.us-east-2.amazonaws.com/img/EsquísAlpinosBlackopsRossignolrossignol-esquis-alpinos-mujer-blackops-92-open-nx-11-gw-b100(3).jpg',133),(224,'https://c3-e1-digital-booking.s3.us-east-2.amazonaws.com/img/EsquísAlpinosBlackopsRossignolrossignol-esquis-alpinos-mujer-blackops-92-open-nx-11-gw-b100.jpg',133),(225,'https://c3-e1-digital-booking.s3.us-east-2.amazonaws.com/img/BotasEsquíAlpinoAlltrackRossignolrossignol-botas-esqui-alpino-alltrack-80-mujer(2).jpg',134),(226,'https://c3-e1-digital-booking.s3.us-east-2.amazonaws.com/img/BotasEsquíAlpinoAlltrackRossignolrossignol-botas-esqui-alpino-alltrack-80-mujer(3).jpg',134),(227,'https://c3-e1-digital-booking.s3.us-east-2.amazonaws.com/img/BotasEsquíAlpinoAlltrackRossignolrossignol-botas-esqui-alpino-alltrack-80-mujer(4).jpg',134),(228,'https://c3-e1-digital-booking.s3.us-east-2.amazonaws.com/img/BotasEsquíAlpinoAlltrackRossignolrossignol-botas-esqui-alpino-alltrack-80-mujer.jpg',134),(229,'https://c3-e1-digital-booking.s3.us-east-2.amazonaws.com/img/BotasEsquíMontañaScottscott-botas-esqui-montana-mujer-ws-celeste(2).jpg',135),(230,'https://c3-e1-digital-booking.s3.us-east-2.amazonaws.com/img/BotasEsquíMontañaScottscott-botas-esqui-montana-mujer-ws-celeste(3).jpg',135),(231,'https://c3-e1-digital-booking.s3.us-east-2.amazonaws.com/img/BotasEsquíMontañaScottscott-botas-esqui-montana-mujer-ws-celeste(4).jpg',135),(232,'https://c3-e1-digital-booking.s3.us-east-2.amazonaws.com/img/BotasEsquíMontañaScottscott-botas-esqui-montana-mujer-ws-celeste.jpg',135),(233,'https://c3-e1-digital-booking.s3.us-east-2.amazonaws.com/img/BotasEsquíAlpinoTransalpFischerfischer-botas-esqui-alpino-transalp-ts(1).jpg',136),(234,'https://c3-e1-digital-booking.s3.us-east-2.amazonaws.com/img/BotasEsquíAlpinoTransalpFischerfischer-botas-esqui-alpino-transalp-ts(2).jpg',136),(235,'https://c3-e1-digital-booking.s3.us-east-2.amazonaws.com/img/BotasEsquíAlpinoTransalpFischerfischer-botas-esqui-alpino-transalp-ts(3).jpg',136),(236,'https://c3-e1-digital-booking.s3.us-east-2.amazonaws.com/img/BotasEsquíAlpinoTransalpFischerfischer-botas-esqui-alpino-transalp-ts.jpg',136),(237,'https://c3-e1-digital-booking.s3.us-east-2.amazonaws.com/img/BotasEsquíAlpinoG1Scottimages.jpg',137),(238,'https://c3-e1-digital-booking.s3.us-east-2.amazonaws.com/img/BotasEsquíAlpinoG1Scottscott-botas-esqui-alpino-g1-130-powerfit-wtr(1).jpg',137),(239,'https://c3-e1-digital-booking.s3.us-east-2.amazonaws.com/img/BotasEsquíAlpinoG1Scottscott-botas-esqui-alpino-g1-130-powerfit-wtr(2).jpg',137),(240,'https://c3-e1-digital-booking.s3.us-east-2.amazonaws.com/img/BotasEsquíAlpinoG1Scottscott-botas-esqui-alpino-g1-130-powerfit-wtr.jpg',137),(241,'https://c3-e1-digital-booking.s3.us-east-2.amazonaws.com/img/MochilaKitchenSinkOakleyoakley-mochila-kitchen-sink-34l(2).jpg',138),(242,'https://c3-e1-digital-booking.s3.us-east-2.amazonaws.com/img/MochilaKitchenSinkOakleyoakley-mochila-kitchen-sink-34l(3).jpg',138),(243,'https://c3-e1-digital-booking.s3.us-east-2.amazonaws.com/img/MochilaKitchenSinkOakleyoakley-mochila-kitchen-sink-34l(6).jpg',138),(244,'https://c3-e1-digital-booking.s3.us-east-2.amazonaws.com/img/MochilaKitchenSinkOakleyoakley-mochila-kitchen-sink-34l.jpg',138),(245,'https://c3-e1-digital-booking.s3.us-east-2.amazonaws.com/img/MochilaKitchenSinkOakleyoakley-mochila-kitchen-sink-34l(5).jpg',138),(246,'https://c3-e1-digital-booking.s3.us-east-2.amazonaws.com/img/MochilaKitchenSinkOakleyoakley-mochila-kitchen-sink-34l(4).jpg',138),(247,'https://c3-e1-digital-booking.s3.us-east-2.amazonaws.com/img/CascoV-RyftPureBollebolle-casco-v-ryft-pure(2).jpg',139),(248,'https://c3-e1-digital-booking.s3.us-east-2.amazonaws.com/img/CascoV-RyftPureBollebolle-casco-v-ryft-pure(3).jpg',139),(249,'https://c3-e1-digital-booking.s3.us-east-2.amazonaws.com/img/CascoV-RyftPureBollebolle-casco-v-ryft-pure.jpg',139),(250,'https://c3-e1-digital-booking.s3.us-east-2.amazonaws.com/img/CascoV-RyftPureBollebolle-v-ryft-pure-m-55-59cm-photochromic-blue_4.jpg',139),(251,'https://c3-e1-digital-booking.s3.us-east-2.amazonaws.com/img/CascoJulietBollébolle-womens-juliet-casco-de-esqui-bf-detail-2.jpg',140),(252,'https://c3-e1-digital-booking.s3.us-east-2.amazonaws.com/img/CascoJulietBollébolle-womens-juliet-casco-de-esqui-bf-detail-3.jpg',140),(253,'https://c3-e1-digital-booking.s3.us-east-2.amazonaws.com/img/CascoJulietBollébolle-womens-juliet-casco-de-esqui-bf-detail-4.jpg',140),(254,'https://c3-e1-digital-booking.s3.us-east-2.amazonaws.com/img/CascoJulietBollélow_resolution(1).jpg',140),(255,'https://c3-e1-digital-booking.s3.us-east-2.amazonaws.com/img/CascoJulietBollélow_resolution(2).jpg',140),(256,'https://c3-e1-digital-booking.s3.us-east-2.amazonaws.com/img/CascoJulietBollélow_resolution(3).jpg',140),(257,'https://c3-e1-digital-booking.s3.us-east-2.amazonaws.com/img/CascoJulietBollélow_resolution(4).jpg',140),(258,'https://c3-e1-digital-booking.s3.us-east-2.amazonaws.com/img/CascoJulietBollélow_resolution.jpg',140),(263,'https://c3-e1-digital-booking.s3.us-east-2.amazonaws.com/img/TablaSnowboardYesPowerhullmqdefault.jpg',142),(264,'https://c3-e1-digital-booking.s3.us-east-2.amazonaws.com/img/TablaSnowboardYesPowerhullyes.jpg',142),(265,'https://c3-e1-digital-booking.s3.us-east-2.amazonaws.com/img/TablaSnowboardYesPowerhullyes.jpg',142),(266,'https://c3-e1-digital-booking.s3.us-east-2.amazonaws.com/img/TablaSnowboardYesPowerhullyes.jpg',142),(267,'https://c3-e1-digital-booking.s3.us-east-2.amazonaws.com/img/TablaSnowboardOptimisticPowerhulltablayes.jpg',143),(268,'https://c3-e1-digital-booking.s3.us-east-2.amazonaws.com/img/TablaSnowboardOptimisticPowerhulltabla.jpg',143),(269,'https://c3-e1-digital-booking.s3.us-east-2.amazonaws.com/img/TablaSnowboardOptimisticPowerhullyes.jpg',143),(270,'https://c3-e1-digital-booking.s3.us-east-2.amazonaws.com/img/TablaSnowboardOptimisticPowerhullyes.jpg',143),(276,'https://c3-e1-digital-booking.s3.us-east-2.amazonaws.com/img/BotasSnowboardPrimacyRossignolrossignol-botas-snowboard-primacy-focus(2).jpg',145),(277,'https://c3-e1-digital-booking.s3.us-east-2.amazonaws.com/img/BotasSnowboardPrimacyRossignolrossignol-botas-snowboard-primacy-focus(3).jpg',145),(278,'https://c3-e1-digital-booking.s3.us-east-2.amazonaws.com/img/BotasSnowboardPrimacyRossignolrossignol-botas-snowboard-primacy-focus(4).jpg',145),(279,'https://c3-e1-digital-booking.s3.us-east-2.amazonaws.com/img/BotasSnowboardPrimacyRossignolrossignol-botas-snowboard-primacy-focus(6).jpg',145),(280,'https://c3-e1-digital-booking.s3.us-east-2.amazonaws.com/img/BotasSnowboardPrimacyRossignolrossignol-botas-snowboard-primacy-focus(5).jpg',145),(281,'https://c3-e1-digital-booking.s3.us-east-2.amazonaws.com/img/BotasSnowboardPrimacyRossignolrossignol-botas-snowboard-primacy-focus.jpg',145),(282,'https://c3-e1-digital-booking.s3.us-east-2.amazonaws.com/img/BotasSnowboardControlDCdc-shoes-botas-snowboard-control(3).jpg',146),(283,'https://c3-e1-digital-booking.s3.us-east-2.amazonaws.com/img/BotasSnowboardControlDCdc-shoes-botas-snowboard-control(4).jpg',146),(284,'https://c3-e1-digital-booking.s3.us-east-2.amazonaws.com/img/BotasSnowboardControlDCdc-shoes-botas-snowboard-control(5).jpg',146),(285,'https://c3-e1-digital-booking.s3.us-east-2.amazonaws.com/img/BotasSnowboardControlDCdc-shoes-botas-snowboard-control.jpg',146),(286,'https://c3-e1-digital-booking.s3.us-east-2.amazonaws.com/img/FijacionesSnowboardA-9Rideride-fijaciones-snowboard-a-9(1).jpg',147),(287,'https://c3-e1-digital-booking.s3.us-east-2.amazonaws.com/img/FijacionesSnowboardA-9Rideride-fijaciones-snowboard-a-9(2).jpg',147),(288,'https://c3-e1-digital-booking.s3.us-east-2.amazonaws.com/img/FijacionesSnowboardA-9Rideride-fijaciones-snowboard-a-9(3).jpg',147),(289,'https://c3-e1-digital-booking.s3.us-east-2.amazonaws.com/img/FijacionesSnowboardA-9Rideride-fijaciones-snowboard-a-9.jpg',147),(290,'https://c3-e1-digital-booking.s3.us-east-2.amazonaws.com/img/FijacionesSnowboardCartelXBurtonburton-fijaciones-snowboard-cartel-x(2).jpg',148),(291,'https://c3-e1-digital-booking.s3.us-east-2.amazonaws.com/img/FijacionesSnowboardCartelXBurtonburton-fijaciones-snowboard-cartel-x(3).jpg',148),(292,'https://c3-e1-digital-booking.s3.us-east-2.amazonaws.com/img/FijacionesSnowboardCartelXBurtonburton-fijaciones-snowboard-cartel-x(4).jpg',148),(293,'https://c3-e1-digital-booking.s3.us-east-2.amazonaws.com/img/FijacionesSnowboardCartelXBurtonburton-fijaciones-snowboard-cartel-x(5).jpg',148),(294,'https://c3-e1-digital-booking.s3.us-east-2.amazonaws.com/img/FijacionesSnowboardCartelXBurtonburton-fijaciones-snowboard-cartel-x.jpg',148),(295,'https://c3-e1-digital-booking.s3.us-east-2.amazonaws.com/img/TablaSnowboardBetaNideckernidecker-tabla-snowboard-beta(2).jpg',149),(296,'https://c3-e1-digital-booking.s3.us-east-2.amazonaws.com/img/TablaSnowboardBetaNideckernidecker-tabla-snowboard-beta(3).jpg',149),(297,'https://c3-e1-digital-booking.s3.us-east-2.amazonaws.com/img/TablaSnowboardBetaNideckernidecker-tabla-snowboard-beta(4).jpg',149),(298,'https://c3-e1-digital-booking.s3.us-east-2.amazonaws.com/img/TablaSnowboardBetaNideckernidecker-tabla-snowboard-beta(5).jpg',149),(299,'https://c3-e1-digital-booking.s3.us-east-2.amazonaws.com/img/TablaSnowboardBetaNideckernidecker-tabla-snowboard-beta.jpg',149),(300,'https://c3-e1-digital-booking.s3.us-east-2.amazonaws.com/img/TURBOLEVOEXPERTSpecializedspecialized-turbo-levo-carbon-t-m-gris-roj(3).jpg',150),(301,'https://c3-e1-digital-booking.s3.us-east-2.amazonaws.com/img/TURBOLEVOEXPERTSpecializedspecialized-turbo-levo-carbon-t-m-gris-roj(4).jpg',150),(302,'https://c3-e1-digital-booking.s3.us-east-2.amazonaws.com/img/TURBOLEVOEXPERTSpecializedspecialized-turbo-levo-carbon-t-m-gris-roj(5).jpg',150),(303,'https://c3-e1-digital-booking.s3.us-east-2.amazonaws.com/img/TURBOLEVOEXPERTSpecializedspecialized-turbo-levo-carbon-t-m-gris-roj.jpg',150),(304,'https://c3-e1-digital-booking.s3.us-east-2.amazonaws.com/img/CascoSkullWolfSkullbestial-wolf-casco-skull(2).jpg',151),(305,'https://c3-e1-digital-booking.s3.us-east-2.amazonaws.com/img/CascoSkullWolfSkullbestial-wolf-casco-skull(3).jpg',151),(306,'https://c3-e1-digital-booking.s3.us-east-2.amazonaws.com/img/CascoSkullWolfSkullbestial-wolf-casco-skull(4).jpg',151),(307,'https://c3-e1-digital-booking.s3.us-east-2.amazonaws.com/img/CascoSkullWolfSkullbestial-wolf-casco-skull(5).jpg',151),(308,'https://c3-e1-digital-booking.s3.us-east-2.amazonaws.com/img/CascoSkullWolfSkullbestial-wolf-casco-skull.jpg',151),(309,'https://c3-e1-digital-booking.s3.us-east-2.amazonaws.com/img/BestialWolfCascoSkullSkullbestial-wolf-casco-skull(7).jpg',152),(310,'https://c3-e1-digital-booking.s3.us-east-2.amazonaws.com/img/BestialWolfCascoSkullSkullbestial-wolf-casco-skull(8).jpg',152),(311,'https://c3-e1-digital-booking.s3.us-east-2.amazonaws.com/img/BestialWolfCascoSkullSkullbestial-wolf-casco-skull(9).jpg',152),(312,'https://c3-e1-digital-booking.s3.us-east-2.amazonaws.com/img/BestialWolfCascoSkullSkullbestial-wolf-casco-skull(10).jpg',152),(313,'https://c3-e1-digital-booking.s3.us-east-2.amazonaws.com/img/BestialWolfCascoSkullSkullbestial-wolf-casco-skull(11).jpg',152),(314,'https://c3-e1-digital-booking.s3.us-east-2.amazonaws.com/img/BicicletaMTBIgniteA9SLXRidleyridley-bicicleta-mtb-ignite-a9-slx(4).jpg',153),(315,'https://c3-e1-digital-booking.s3.us-east-2.amazonaws.com/img/BicicletaMTBIgniteA9SLXRidleyridley-bicicleta-mtb-ignite-a9-slx(2).jpg',153),(316,'https://c3-e1-digital-booking.s3.us-east-2.amazonaws.com/img/BicicletaMTBIgniteA9SLXRidleyridley-bicicleta-mtb-ignite-a9-slx(3).jpg',153),(317,'https://c3-e1-digital-booking.s3.us-east-2.amazonaws.com/img/BicicletaMTBIgniteA9SLXRidleyridley-bicicleta-mtb-ignite-a9-slx(6).jpg',153),(318,'https://c3-e1-digital-booking.s3.us-east-2.amazonaws.com/img/BicicletaMTBIgniteA9SLXRidleyridley-bicicleta-mtb-ignite-a9-slx(5).jpg',153),(319,'https://c3-e1-digital-booking.s3.us-east-2.amazonaws.com/img/BicicletaMTBIgniteA9SLXRidleyridley-bicicleta-mtb-ignite-a9-slx.jpg',153),(320,'https://c3-e1-digital-booking.s3.us-east-2.amazonaws.com/img/BicicletaMTB29´´FactoryAXSRaceMegamomegamo-bicicleta-mtb-29-factory-axs-race-2022(2).jpg',154),(321,'https://c3-e1-digital-booking.s3.us-east-2.amazonaws.com/img/BicicletaMTB29´´FactoryAXSRaceMegamomegamo-bicicleta-mtb-29-factory-axs-race-2022(3).jpg',154),(322,'https://c3-e1-digital-booking.s3.us-east-2.amazonaws.com/img/BicicletaMTB29´´FactoryAXSRaceMegamomegamo-bicicleta-mtb-29-factory-axs-race-2022(5).jpg',154),(323,'https://c3-e1-digital-booking.s3.us-east-2.amazonaws.com/img/BicicletaMTB29´´FactoryAXSRaceMegamomegamo-bicicleta-mtb-29-factory-axs-race-2022(6).jpg',154),(324,'https://c3-e1-digital-booking.s3.us-east-2.amazonaws.com/img/BicicletaMTB29´´FactoryAXSRaceMegamomegamo-bicicleta-mtb-29-factory-axs-race-2022(4).jpg',154),(325,'https://c3-e1-digital-booking.s3.us-east-2.amazonaws.com/img/BicicletaMTB29´´FactoryAXSRaceMegamomegamo-bicicleta-mtb-29-factory-axs-race-2022.jpg',154),(326,'https://c3-e1-digital-booking.s3.us-east-2.amazonaws.com/img/BicicletaMTBMT1029´´DeoreIceice-bicicleta-mtb-mt10-29-deore-2022(2).jpg',155),(327,'https://c3-e1-digital-booking.s3.us-east-2.amazonaws.com/img/BicicletaMTBMT1029´´DeoreIceice-bicicleta-mtb-mt10-29-deore-2022(3).jpg',155),(328,'https://c3-e1-digital-booking.s3.us-east-2.amazonaws.com/img/BicicletaMTBMT1029´´DeoreIceice-bicicleta-mtb-mt10-29-deore-2022(4).jpg',155),(329,'https://c3-e1-digital-booking.s3.us-east-2.amazonaws.com/img/BicicletaMTBMT1029´´DeoreIceice-bicicleta-mtb-mt10-29-deore-2022(5).jpg',155),(330,'https://c3-e1-digital-booking.s3.us-east-2.amazonaws.com/img/BicicletaMTBMT1029´´DeoreIceice-bicicleta-mtb-mt10-29-deore-2022(9).jpg',155),(331,'https://c3-e1-digital-booking.s3.us-east-2.amazonaws.com/img/BicicletaMTBMT1029´´DeoreIceice-bicicleta-mtb-mt10-29-deore-2022.jpg',155),(332,'https://c3-e1-digital-booking.s3.us-east-2.amazonaws.com/img/BicicletaMTBMT1029´´DeoreIceice-bicicleta-mtb-mt10-29-deore-2022(6).jpg',155),(333,'https://c3-e1-digital-booking.s3.us-east-2.amazonaws.com/img/BicicletaMTBMT1029´´DeoreIceice-bicicleta-mtb-mt10-29-deore-2022(7).jpg',155),(334,'https://c3-e1-digital-booking.s3.us-east-2.amazonaws.com/img/BicicletaMTBMT1029´´DeoreIceice-bicicleta-mtb-mt10-29-deore-2022(8).jpg',155),(335,'https://c3-e1-digital-booking.s3.us-east-2.amazonaws.com/img/BicicletaMTBMT1029´´DeoreIceice-bicicleta-mtb-mt10-29-deore-2022(10).jpg',155),(336,'https://c3-e1-digital-booking.s3.us-east-2.amazonaws.com/img/BicicletaMTBR1Formigliformigli-bicicleta-mtb-r1-carbono-29(4).jpg',156),(337,'https://c3-e1-digital-booking.s3.us-east-2.amazonaws.com/img/BicicletaMTBR1Formigliformigli-bicicleta-mtb-r1-carbono-29(5).jpg',156),(338,'https://c3-e1-digital-booking.s3.us-east-2.amazonaws.com/img/BicicletaMTBR1Formigliformigli-bicicleta-mtb-r1-carbono-29(6).jpg',156),(339,'https://c3-e1-digital-booking.s3.us-east-2.amazonaws.com/img/BicicletaMTBR1Formigliformigli-bicicleta-mtb-r1-carbono-29(2).jpg',156),(340,'https://c3-e1-digital-booking.s3.us-east-2.amazonaws.com/img/BicicletaMTBR1Formigliformigli-bicicleta-mtb-r1-carbono-29(3).jpg',156),(341,'https://c3-e1-digital-booking.s3.us-east-2.amazonaws.com/img/BicicletaMTBR1Formigliformigli-bicicleta-mtb-r1-carbono-29.jpg',156),(342,'https://c3-e1-digital-booking.s3.us-east-2.amazonaws.com/img/BicicletaMTBLeaKrosskross-bicicleta-mtb-lea-1.jpg',157),(343,'https://c3-e1-digital-booking.s3.us-east-2.amazonaws.com/img/BicicletaMTBLeaKrosskross-bicicleta-mtb-lea-1.jpg',157),(344,'https://c3-e1-digital-booking.s3.us-east-2.amazonaws.com/img/BicicletaMTBLeaKrosskross-bicicleta-mtb-lea-1.jpg',157),(345,'https://c3-e1-digital-booking.s3.us-east-2.amazonaws.com/img/BicicletaMTBLeaKrosskross-bicicleta-mtb-lea-1.jpg',157),(346,'https://c3-e1-digital-booking.s3.us-east-2.amazonaws.com/img/BicicletaMTBLeaKrosskross-bicicleta-mtb-lea-1.jpg',157),(347,'https://c3-e1-digital-booking.s3.us-east-2.amazonaws.com/img/BicicletaMTBLeaKrosskross-bicicleta-mtb-lea-1.jpg',157),(348,'https://c3-e1-digital-booking.s3.us-east-2.amazonaws.com/img/BicicletaMTBLeaKrosskross-bicicleta-mtb-lea-1.jpg',157),(349,'https://c3-e1-digital-booking.s3.us-east-2.amazonaws.com/img/BicicletaMTBLeaKrosskross-bicicleta-mtb-lea-1.jpg',157),(350,'https://c3-e1-digital-booking.s3.us-east-2.amazonaws.com/img/BicicletaMTBLeaKrosskross-bicicleta-mtb-lea-1.jpg',157),(351,'https://c3-e1-digital-booking.s3.us-east-2.amazonaws.com/img/BicicletaMTBLeaKrosskross-bicicleta-mtb-lea-1.jpg',157),(352,'https://c3-e1-digital-booking.s3.us-east-2.amazonaws.com/img/BicicletaMTBLea1.0Krosskross-bicicleta-mtb-lea-1.jpg',158),(353,'https://c3-e1-digital-booking.s3.us-east-2.amazonaws.com/img/BicicletaMTBLea1.0Krosskross-bicicleta-mtb-lea-1.jpg',158),(354,'https://c3-e1-digital-booking.s3.us-east-2.amazonaws.com/img/BicicletaMTBLea1.0Krosskross-bicicleta-mtb-lea-1.jpg',158),(355,'https://c3-e1-digital-booking.s3.us-east-2.amazonaws.com/img/BicicletaMTBLea1.0Krosskross-bicicleta-mtb-lea-1.jpg',158),(356,'https://c3-e1-digital-booking.s3.us-east-2.amazonaws.com/img/BicicletaMTBLea1.0Krosskross-bicicleta-mtb-lea-1.jpg',158),(357,'https://c3-e1-digital-booking.s3.us-east-2.amazonaws.com/img/BicicletaMTBLea1.0Krosskross-bicicleta-mtb-lea-1.jpg',158),(358,'https://c3-e1-digital-booking.s3.us-east-2.amazonaws.com/img/CascoArxScottscott-casco-arx(2).jpg',160),(359,'https://c3-e1-digital-booking.s3.us-east-2.amazonaws.com/img/CascoArxScottscott-casco-arx(3).jpg',160),(360,'https://c3-e1-digital-booking.s3.us-east-2.amazonaws.com/img/CascoArxScottscott-casco-arx(4).jpg',160),(361,'https://c3-e1-digital-booking.s3.us-east-2.amazonaws.com/img/CascoArxScottscott-casco-arx.jpg',160),(362,'https://c3-e1-digital-booking.s3.us-east-2.amazonaws.com/img/CascoSupraRoadScottscott-casco-carretera-supra-road(2).jpg',161),(363,'https://c3-e1-digital-booking.s3.us-east-2.amazonaws.com/img/CascoSupraRoadScottscott-casco-carretera-supra-road(3).jpg',161),(364,'https://c3-e1-digital-booking.s3.us-east-2.amazonaws.com/img/CascoSupraRoadScottscott-casco-carretera-supra-road(4).jpg',161),(365,'https://c3-e1-digital-booking.s3.us-east-2.amazonaws.com/img/CascoSupraRoadScottscott-casco-carretera-supra-road.jpg',161),(366,'https://c3-e1-digital-booking.s3.us-east-2.amazonaws.com/img/CascoCentricPlusMIPSScottscott-casco-centric-plus-mips(2).jpg',162),(367,'https://c3-e1-digital-booking.s3.us-east-2.amazonaws.com/img/CascoCentricPlusMIPSScottscott-casco-centric-plus-mips(3).jpg',162),(368,'https://c3-e1-digital-booking.s3.us-east-2.amazonaws.com/img/CascoCentricPlusMIPSScottscott-casco-centric-plus-mips(4).jpg',162),(369,'https://c3-e1-digital-booking.s3.us-east-2.amazonaws.com/img/CascoCentricPlusMIPSScottscott-casco-centric-plus-mips.jpg',162),(370,'https://c3-e1-digital-booking.s3.us-east-2.amazonaws.com/img/CascoCarreteraCentricPlusMIPSScottscott-casco-arx(2).jpg',163),(371,'https://c3-e1-digital-booking.s3.us-east-2.amazonaws.com/img/CascoCarreteraCentricPlusMIPSScottscott-casco-arx(3).jpg',163),(372,'https://c3-e1-digital-booking.s3.us-east-2.amazonaws.com/img/CascoCarreteraCentricPlusMIPSScottscott-casco-arx(4).jpg',163),(373,'https://c3-e1-digital-booking.s3.us-east-2.amazonaws.com/img/CascoCarreteraCentricPlusMIPSScottscott-casco-arx.jpg',163),(374,'https://c3-e1-digital-booking.s3.us-east-2.amazonaws.com/img/CascoCarreteraCentricPlusMIPSScottkross-bicicleta-mtb-lea-1.jpg',163),(375,'https://c3-e1-digital-booking.s3.us-east-2.amazonaws.com/img/Tablasurfespuma500OlaIantabla-espuma-con-1-leash-y-3-quillas-olaian-de-surf-500-6-(4).jpg',164),(376,'https://c3-e1-digital-booking.s3.us-east-2.amazonaws.com/img/Tablasurfespuma500OlaIantabla-espuma-con-1-leash-y-3-quillas-olaian-de-surf-500-6-(5).jpg',164),(377,'https://c3-e1-digital-booking.s3.us-east-2.amazonaws.com/img/Tablasurfespuma500OlaIantabla-espuma-con-1-leash-y-3-quillas-olaian-de-surf-500-6-(6).jpg',164),(378,'https://c3-e1-digital-booking.s3.us-east-2.amazonaws.com/img/Tablasurfespuma500OlaIantabla-espuma-con-1-leash-y-3-quillas-olaian-de-surf-500-6-.jpg',164),(379,'https://c3-e1-digital-booking.s3.us-east-2.amazonaws.com/img/TablasurfOlaIanOlaIantabla-surf-evolutiva-espuma-olaian-900-7-pack-tabla-quillas(3).jpg',165),(380,'https://c3-e1-digital-booking.s3.us-east-2.amazonaws.com/img/TablasurfOlaIanOlaIantabla-surf-evolutiva-espuma-olaian-900-7-pack-tabla-quillas(4).jpg',165),(381,'https://c3-e1-digital-booking.s3.us-east-2.amazonaws.com/img/TablasurfOlaIanOlaIantabla-surf-evolutiva-espuma-olaian-900-7-pack-tabla-quillas(2).jpg',165),(382,'https://c3-e1-digital-booking.s3.us-east-2.amazonaws.com/img/TablasurfOlaIanOlaIantabla-surf-evolutiva-espuma-olaian-900-7-pack-tabla-quillas.jpg',165),(383,'https://c3-e1-digital-booking.s3.us-east-2.amazonaws.com/img/TrajeCremalleraTraseraPrologueRoxyroxy-traje-cremallera-trasera-prologue-4-3-mm-mujer(2).jpg',166),(384,'https://c3-e1-digital-booking.s3.us-east-2.amazonaws.com/img/TrajeCremalleraTraseraPrologueRoxyroxy-traje-cremallera-trasera-prologue-4-3-mm-mujer(3).jpg',166),(385,'https://c3-e1-digital-booking.s3.us-east-2.amazonaws.com/img/TrajeCremalleraTraseraPrologueRoxyroxy-traje-cremallera-trasera-prologue-4-3-mm-mujer(4).jpg',166),(386,'https://c3-e1-digital-booking.s3.us-east-2.amazonaws.com/img/TrajeCremalleraTraseraPrologueRoxyroxy-traje-cremallera-trasera-prologue-4-3-mm-mujer(5).jpg',166),(387,'https://c3-e1-digital-booking.s3.us-east-2.amazonaws.com/img/TrajeCremalleraTraseraPrologueRoxyroxy-traje-cremallera-trasera-prologue-4-3-mm-mujer.jpg',166),(388,'https://c3-e1-digital-booking.s3.us-east-2.amazonaws.com/img/TrajeHeavyDutyJobedescarga.jpg',167),(389,'https://c3-e1-digital-booking.s3.us-east-2.amazonaws.com/img/TrajeHeavyDutyJobejobe-heavy-duty-5-3mm(1).jpg',167),(390,'https://c3-e1-digital-booking.s3.us-east-2.amazonaws.com/img/TrajeHeavyDutyJobejobe-heavy-duty-5-3mm.jpg',167),(391,'https://c3-e1-digital-booking.s3.us-east-2.amazonaws.com/img/TrajeHeavyDutyJobejobe-traje-cremallera-trasera-heavy-duty-5-3-mm.jpg',167),(392,'https://c3-e1-digital-booking.s3.us-east-2.amazonaws.com/img/ArnésdeEscaladaSELENASelena91DtdzVvmwL.jpg',168),(393,'https://c3-e1-digital-booking.s3.us-east-2.amazonaws.com/img/ArnésdeEscaladaSELENASelena91DtdzVvmwL.jpg',168),(394,'https://c3-e1-digital-booking.s3.us-east-2.amazonaws.com/img/ArnésdeEscaladaSELENASelena91yGU0xqXbL.jpg',168),(395,'https://c3-e1-digital-booking.s3.us-east-2.amazonaws.com/img/ArnésdeEscaladaSELENASelenaarnes-petzl-escalada-alta-montana-zenda-vertical-corax-luna-adjama.jpg',168),(396,'https://c3-e1-digital-booking.s3.us-east-2.amazonaws.com/img/ArnésEscaladayAlpinismoRockSimondarnes-escalada-y-alpinismo-simond-rock-azul(2).jpg',169),(397,'https://c3-e1-digital-booking.s3.us-east-2.amazonaws.com/img/ArnésEscaladayAlpinismoRockSimondarnes-escalada-y-alpinismo-simond-rock-azul(3).jpg',169),(398,'https://c3-e1-digital-booking.s3.us-east-2.amazonaws.com/img/ArnésEscaladayAlpinismoRockSimondarnes-escalada-y-alpinismo-simond-rock-azul(4).jpg',169),(399,'https://c3-e1-digital-booking.s3.us-east-2.amazonaws.com/img/ArnésEscaladayAlpinismoRockSimondArnes-Escalada-y-Alpinismo-Simond-Rock-Azul.jpg',169),(400,'https://c3-e1-digital-booking.s3.us-east-2.amazonaws.com/img/CascodeescaladaRockHEXsrc0900ax03_1_jpg.jpg',170),(401,'https://c3-e1-digital-booking.s3.us-east-2.amazonaws.com/img/CascodeescaladaRockHEXsrc0900ax04_2__1_jpg.jpg',170),(402,'https://c3-e1-digital-booking.s3.us-east-2.amazonaws.com/img/CascodeescaladaRockHEXsrc0900ax04_3__1_jpg.jpg',170),(403,'https://c3-e1-digital-booking.s3.us-east-2.amazonaws.com/img/CascodeescaladaRockHEXsrc0900ax04_4__1_jpg.jpg',170),(404,'https://c3-e1-digital-booking.s3.us-east-2.amazonaws.com/img/CascoHEX/C0900RockHEXCasco-Singing-Rock-Hex-Yellow.jpg',171),(405,'https://c3-e1-digital-booking.s3.us-east-2.amazonaws.com/img/CascoHEX/C0900RockHEXCasco-Singing-Rock-Hex-Yellow2.jpg',171),(406,'https://c3-e1-digital-booking.s3.us-east-2.amazonaws.com/img/CascoHEX/C0900RockHEXDSC04863.jpg',171),(407,'https://c3-e1-digital-booking.s3.us-east-2.amazonaws.com/img/CascoHEX/C0900RockHEXDSC05037.jpg',171),(408,'https://c3-e1-digital-booking.s3.us-east-2.amazonaws.com/img/CascoHEX/C0900RockHEXmaxresdefault.jpg',171),(409,'https://c3-e1-digital-booking.s3.us-east-2.amazonaws.com/img/HikingBackpackBackpackD_NQ_NP_661614-MCO45073682186_032021-O.jpg',172),(410,'https://c3-e1-digital-booking.s3.us-east-2.amazonaws.com/img/HikingBackpackBackpackD_NQ_NP_864886-MCO45073682192_032021-O.jpg',172),(411,'https://c3-e1-digital-booking.s3.us-east-2.amazonaws.com/img/HikingBackpackBackpackD_NQ_NP_635718-MCO45073682187_032021-O.jpg',172),(412,'https://c3-e1-digital-booking.s3.us-east-2.amazonaws.com/img/HikingBackpackBackpackD_NQ_NP_700515-MCO45073682188_032021-O.jpg',172),(413,'https://c3-e1-digital-booking.s3.us-east-2.amazonaws.com/img/MochilaCrown2GraniteGeargranite-gear-mochila-crown2-m-60l(2).jpg',173),(414,'https://c3-e1-digital-booking.s3.us-east-2.amazonaws.com/img/MochilaCrown2GraniteGeargranite-gear-mochila-crown2-m-60l(3).jpg',173),(415,'https://c3-e1-digital-booking.s3.us-east-2.amazonaws.com/img/MochilaCrown2GraniteGeargranite-gear-mochila-crown2-m-60l(4).jpg',173),(416,'https://c3-e1-digital-booking.s3.us-east-2.amazonaws.com/img/MochilaCrown2GraniteGeargranite-gear-mochila-crown2-m-60l(5).jpg',173),(417,'https://c3-e1-digital-booking.s3.us-east-2.amazonaws.com/img/MochilaCrown2GraniteGeargranite-gear-mochila-crown2-m-60l.jpg',173),(418,'https://c3-e1-digital-booking.s3.us-east-2.amazonaws.com/img/ComboSingingRockFerrataIISingingRockC2317YB00-2.jpg',174),(419,'https://c3-e1-digital-booking.s3.us-east-2.amazonaws.com/img/ComboSingingRockFerrataIISingingRocksinging-rock-ferrata-ii(2).jpg',174),(420,'https://c3-e1-digital-booking.s3.us-east-2.amazonaws.com/img/ComboSingingRockFerrataIISingingRocksinging-rock-ferrata-ii(3).jpg',174),(421,'https://c3-e1-digital-booking.s3.us-east-2.amazonaws.com/img/ComboSingingRockFerrataIISingingRockC5031BS00-2.jpg',174),(422,'https://c3-e1-digital-booking.s3.us-east-2.amazonaws.com/img/ComboSingingRockFerrataIISingingRockset-via-ferrata-phario-palm-singing-rock.jpg',174),(423,'https://c3-e1-digital-booking.s3.us-east-2.amazonaws.com/img/ComboSingingRockFerrataIISingingRocksinging-rock-ferrata-ii.jpg',174),(424,'https://c3-e1-digital-booking.s3.us-east-2.amazonaws.com/img/ComboSingingRockFerrataIISingingRockC2317YB00-3.jpg',174),(425,'https://c3-e1-digital-booking.s3.us-east-2.amazonaws.com/img/PaqueteViaFerrataTwistPailOcunocun-via-ferrata-captur-set-de-via-ferrata.jpg',175),(426,'https://c3-e1-digital-booking.s3.us-east-2.amazonaws.com/img/PaqueteViaFerrataTwistPailOcunocun-via-ferrata-twist-pail.jpg',175),(427,'https://c3-e1-digital-booking.s3.us-east-2.amazonaws.com/img/PaqueteViaFerrataTwistPailOcunOcun_Via_Ferrata_Twist___Chest_Pail_Set___green_282_424d.jpg',175),(428,'https://c3-e1-digital-booking.s3.us-east-2.amazonaws.com/img/PaqueteViaFerrataTwistPailOcunN3-13.jpg',175),(429,'https://c3-e1-digital-booking.s3.us-east-2.amazonaws.com/img/PaqueteViaFerrataTwistPailOcunN4-04.jpg',175),(430,'https://c3-e1-digital-booking.s3.us-east-2.amazonaws.com/img/ClimbingBolsaSnapackSnapsnap-climbing-bolsa-snapack-40l(2).jpg',176),(431,'https://c3-e1-digital-booking.s3.us-east-2.amazonaws.com/img/ClimbingBolsaSnapackSnapsnap-climbing-bolsa-snapack-40l.jpg',176),(432,'https://c3-e1-digital-booking.s3.us-east-2.amazonaws.com/img/ClimbingBolsaSnapackSnapsnap-climbing-bolsa-snapack-40l(3).jpg',176),(433,'https://c3-e1-digital-booking.s3.us-east-2.amazonaws.com/img/ClimbingBolsaSnapackSnapsnap-climbing-bolsa-snapack-40l(5).jpg',176),(434,'https://c3-e1-digital-booking.s3.us-east-2.amazonaws.com/img/ClimbingBolsaSnapackSnapsnap-climbing-bolsa-snapack-40l(4).jpg',176),(435,'https://c3-e1-digital-booking.s3.us-east-2.amazonaws.com/img/SacoDeDormirSparkSeatosummitsea-to-summit-saco-de-dormir-spark-spiv(2).jpg',177),(436,'https://c3-e1-digital-booking.s3.us-east-2.amazonaws.com/img/SacoDeDormirSparkSeatosummitsea-to-summit-saco-de-dormir-spark-spiv(3).jpg',177),(437,'https://c3-e1-digital-booking.s3.us-east-2.amazonaws.com/img/SacoDeDormirSparkSeatosummitsea-to-summit-saco-de-dormir-spark-spiv(4).jpg',177),(438,'https://c3-e1-digital-booking.s3.us-east-2.amazonaws.com/img/SacoDeDormirSparkSeatosummitsea-to-summit-saco-de-dormir-spark-spiv.jpg',177),(439,'https://c3-e1-digital-booking.s3.us-east-2.amazonaws.com/img/SacoDeDormirFlameSeatosummitsea-to-summit-saco-de-dormir-flame-fmiii(2).jpg',178),(440,'https://c3-e1-digital-booking.s3.us-east-2.amazonaws.com/img/SacoDeDormirFlameSeatosummitsea-to-summit-saco-de-dormir-flame-fmiii(3).jpg',178),(441,'https://c3-e1-digital-booking.s3.us-east-2.amazonaws.com/img/SacoDeDormirFlameSeatosummitsea-to-summit-saco-de-dormir-flame-fmiii(4).jpg',178),(442,'https://c3-e1-digital-booking.s3.us-east-2.amazonaws.com/img/SacoDeDormirFlameSeatosummitsea-to-summit-saco-de-dormir-flame-fmiii(5).jpg',178),(443,'https://c3-e1-digital-booking.s3.us-east-2.amazonaws.com/img/SacoDeDormirFlameSeatosummitsea-to-summit-saco-de-dormir-flame-fmiii.jpg',178),(444,'https://c3-e1-digital-booking.s3.us-east-2.amazonaws.com/img/ComboKayakIndividualYellowVyellowv-kayak(2).jpg',180),(445,'https://c3-e1-digital-booking.s3.us-east-2.amazonaws.com/img/ComboKayakIndividualYellowVyellowv-kayak(3).jpg',180),(446,'https://c3-e1-digital-booking.s3.us-east-2.amazonaws.com/img/ComboKayakIndividualYellowVyellowv-kayak(4).jpg',180),(447,'https://c3-e1-digital-booking.s3.us-east-2.amazonaws.com/img/ComboKayakIndividualYellowVyellowv-kayak(5).jpg',180),(448,'https://c3-e1-digital-booking.s3.us-east-2.amazonaws.com/img/ComboKayakIndividualYellowVyellowv-kayak(6).jpg',180),(449,'https://c3-e1-digital-booking.s3.us-east-2.amazonaws.com/img/ComboKayakIndividualYellowVyellowv-kayak.jpg',180),(450,'https://c3-e1-digital-booking.s3.us-east-2.amazonaws.com/img/ComboKayak3personasYellowVyellowv-kayak(2).jpg',181),(451,'https://c3-e1-digital-booking.s3.us-east-2.amazonaws.com/img/ComboKayak3personasYellowVyellowv-kayak(3).jpg',181),(452,'https://c3-e1-digital-booking.s3.us-east-2.amazonaws.com/img/ComboKayak3personasYellowVyellowv-kayak(4).jpg',181),(453,'https://c3-e1-digital-booking.s3.us-east-2.amazonaws.com/img/ComboKayak3personasYellowVyellowv-kayak(5).jpg',181),(454,'https://c3-e1-digital-booking.s3.us-east-2.amazonaws.com/img/ComboKayak3personasYellowVyellowv-kayak.jpg',181),(455,'https://c3-e1-digital-booking.s3.us-east-2.amazonaws.com/img/KayakHinchableBetta475AquaMarinaaqua-marina-kayak-hinchable-betta-475(2).jpg',182),(456,'https://c3-e1-digital-booking.s3.us-east-2.amazonaws.com/img/KayakHinchableBetta475AquaMarinaaqua-marina-kayak-hinchable-betta-475(3).jpg',182),(457,'https://c3-e1-digital-booking.s3.us-east-2.amazonaws.com/img/KayakHinchableBetta475AquaMarinaaqua-marina-kayak-hinchable-betta-475.jpg',182),(458,'https://c3-e1-digital-booking.s3.us-east-2.amazonaws.com/img/KayakHinchableBetta475AquaMarinaAQUA-MARINA-Kayak-inflable-para-deportes-acu-ticos-Material-de-PVC-con-remos-de-312x80cm-475x80cm.jpg',182),(459,'https://c3-e1-digital-booking.s3.us-east-2.amazonaws.com/img/KayakHinchableBetta475AquaMarinakayak_inflable_aquamarina_betta_15_7_1_imagen2.jpg',182),(460,'https://c3-e1-digital-booking.s3.us-east-2.amazonaws.com/img/KayakChallengerK1Intexintex-kayak-challenger-k1(2).jpg',183),(461,'https://c3-e1-digital-booking.s3.us-east-2.amazonaws.com/img/KayakChallengerK1Intexintex-kayak-challenger-k1(3).jpg',183),(462,'https://c3-e1-digital-booking.s3.us-east-2.amazonaws.com/img/KayakChallengerK1Intexintex-kayak-challenger-k1.jpg',183),(463,'https://c3-e1-digital-booking.s3.us-east-2.amazonaws.com/img/KayakChallengerK1Intexmaxresdefault.jpg',183),(464,'https://c3-e1-digital-booking.s3.us-east-2.amazonaws.com/img/KayakExcursionProK2Intexintex-kayak-excursion-pro-k2-inflatable(2).jpg',184),(465,'https://c3-e1-digital-booking.s3.us-east-2.amazonaws.com/img/KayakExcursionProK2Intexintex-kayak-excursion-pro-k2-inflatable(3).jpg',184),(466,'https://c3-e1-digital-booking.s3.us-east-2.amazonaws.com/img/KayakExcursionProK2Intexintex-kayak-excursion-pro-k2-inflatable(4).jpg',184),(467,'https://c3-e1-digital-booking.s3.us-east-2.amazonaws.com/img/KayakExcursionProK2Intexintex-kayak-excursion-pro-k2-inflatable(1).jpg',184),(468,'https://c3-e1-digital-booking.s3.us-east-2.amazonaws.com/img/KayakExcursionProK2Intexintex-kayak-excursion-pro-k2-inflatable.jpg',184),(469,'https://c3-e1-digital-booking.s3.us-east-2.amazonaws.com/img/KayakExcursionProK2Intexintex-kayak-excursion-pro-k2-inflatable(5).jpg',184),(470,'https://c3-e1-digital-booking.s3.us-east-2.amazonaws.com/img/KayakHinchableLaxo320AquaMarinaaqua-marina-kayak-hinchable-laxo-320(2).jpg',185),(471,'https://c3-e1-digital-booking.s3.us-east-2.amazonaws.com/img/KayakHinchableLaxo320AquaMarinaaqua-marina-kayak-hinchable-laxo-320(3).jpg',185),(472,'https://c3-e1-digital-booking.s3.us-east-2.amazonaws.com/img/KayakHinchableLaxo320AquaMarinaaqua-marina-kayak-hinchable-laxo-320.jpg',185),(473,'https://c3-e1-digital-booking.s3.us-east-2.amazonaws.com/img/KayakHinchableLaxo320AquaMarinagsc_115305654_1075033_2.jpg',185),(474,'https://c3-e1-digital-booking.s3.us-east-2.amazonaws.com/img/KayakHinchableLaxo320AquaMarinaimages.jpg',185),(494,'https://c3-e1-digital-booking.s3.us-east-2.amazonaws.com/img/KayakInflable330SeaEagleD_NQ_NP_829445-MCO32578985188_102019-O.jpg',203),(495,'https://c3-e1-digital-booking.s3.us-east-2.amazonaws.com/img/KayakInflable330SeaEagleSE370K_P-package-opt.jpg',203),(496,'https://c3-e1-digital-booking.s3.us-east-2.amazonaws.com/img/KayakInflable330SeaEagle22.jpg',203),(497,'https://c3-e1-digital-booking.s3.us-east-2.amazonaws.com/img/KayakInflable330SeaEagle34.jpg',203),(498,'https://c3-e1-digital-booking.s3.us-east-2.amazonaws.com/img/KayakInflable330SeaEagle29fe7d53-007d-4c34-a94d-c8f2fe5086ac_1.b78784b7bca9102427b29abc5490e50a.jpeg',203),(499,'https://c3-e1-digital-booking.s3.us-east-2.amazonaws.com/img/KayakInflable330SeaEagleSea-Eagle-330-Inflatable-Kayak-review.jpg',203),(500,'https://c3-e1-digital-booking.s3.us-east-2.amazonaws.com/img/KayakInflable330SeaEaglesea-eagle-kayaks-2-x-se330k-pro-1f_600.jpg',203),(501,'https://c3-e1-digital-booking.s3.us-east-2.amazonaws.com/img/KayakInflable330SeaEagleSea-Eagle-SE330.jpg',203),(502,'https://c3-e1-digital-booking.s3.us-east-2.amazonaws.com/img/KayakInflable330SeaEagleSEAEAGLE-SEAEAGLE330.4.jpg',203),(503,'https://c3-e1-digital-booking.s3.us-east-2.amazonaws.com/img/TablaPaddleMousaMOUSA-tablas-de-Paddle-hinchables-11-x-34-x-6-SUP-Ultra-ancho-con-correa-para(2).jpg',204),(504,'https://c3-e1-digital-booking.s3.us-east-2.amazonaws.com/img/TablaPaddleMousapaddle-surf.png',204),(505,'https://c3-e1-digital-booking.s3.us-east-2.amazonaws.com/img/TablaPaddleMousaS3ec0321d4081437abfbe112f756047a5y.jpg',204),(506,'https://c3-e1-digital-booking.s3.us-east-2.amazonaws.com/img/TablaPaddleMousaSf5892a09a4db4172bf45f9a9a5ff6f3cG.jpg',204),(507,'https://c3-e1-digital-booking.s3.us-east-2.amazonaws.com/img/TablaPaddleMousaScdf9bcc7e11c496d89e8173fb81bea45P.png',204),(508,'https://c3-e1-digital-booking.s3.us-east-2.amazonaws.com/img/TablaPaddleMousaMOUSA-tablas-de-Paddle-hinchables-11-x-34-x-6-SUP-Ultra-ancho-con-correa-para.jpg',204),(509,'https://c3-e1-digital-booking.s3.us-east-2.amazonaws.com/img/pruebapruebacuerda.webp',207),(510,'https://c3-e1-digital-booking.s3.us-east-2.amazonaws.com/img/pruebapruebacuerda.webp',207),(511,'https://c3-e1-digital-booking.s3.us-east-2.amazonaws.com/img/pruebapruebacuerda.webp',207),(512,'https://c3-e1-digital-booking.s3.us-east-2.amazonaws.com/img/pruebapruebacuerda.webp',207),(513,'https://c3-e1-digital-booking.s3.us-east-2.amazonaws.com/img/pruebapruebacuerda.webp',206),(514,'https://c3-e1-digital-booking.s3.us-east-2.amazonaws.com/img/pruebapruebacuerda.webp',206),(515,'https://c3-e1-digital-booking.s3.us-east-2.amazonaws.com/img/pruebapruebacuerda.webp',206),(516,'https://c3-e1-digital-booking.s3.us-east-2.amazonaws.com/img/pruebapruebacuerda.webp',206),(517,'https://c3-e1-digital-booking.s3.us-east-2.amazonaws.com/img/PatinesMF500Greyloimg-2.png',208),(518,'https://c3-e1-digital-booking.s3.us-east-2.amazonaws.com/img/PatinesMF500Greyloimg-3.png',208),(519,'https://c3-e1-digital-booking.s3.us-east-2.amazonaws.com/img/PatinesMF500Greyloimg-5.png',208),(520,'https://c3-e1-digital-booking.s3.us-east-2.amazonaws.com/img/PatinesMF500Greyloimg-4.png',208);
/*!40000 ALTER TABLE `product_images` ENABLE KEYS */;
UNLOCK TABLES;

--
-- Table structure for table `rent`
--

DROP TABLE IF EXISTS `rent`;
/*!40101 SET @saved_cs_client     = @@character_set_client */;
/*!50503 SET character_set_client = utf8mb4 */;
CREATE TABLE `rent` (
  `id` bigint NOT NULL AUTO_INCREMENT,
  `comment` varchar(255) DEFAULT NULL,
  `end_date` datetime(6) DEFAULT NULL,
  `score` double DEFAULT NULL,
  `star_date` datetime(6) DEFAULT NULL,
  `state` varchar(255) DEFAULT NULL,
  `product_entity_id` bigint DEFAULT NULL,
  `user_entity_id` bigint DEFAULT NULL,
  `delivery` varchar(255) DEFAULT NULL,
  `creation_date` datetime(6) DEFAULT NULL,
  PRIMARY KEY (`id`),
  KEY `FKson2e4a0kk9fo4hjr97p9uf5x` (`product_entity_id`),
  KEY `FKqurjwylwdp2j64lh1ntb9r9d7` (`user_entity_id`),
  CONSTRAINT `FKqurjwylwdp2j64lh1ntb9r9d7` FOREIGN KEY (`user_entity_id`) REFERENCES `user` (`id`),
  CONSTRAINT `FKson2e4a0kk9fo4hjr97p9uf5x` FOREIGN KEY (`product_entity_id`) REFERENCES `product` (`id`)
) ENGINE=InnoDB AUTO_INCREMENT=101 DEFAULT CHARSET=utf8mb4 COLLATE=utf8mb4_0900_ai_ci;
/*!40101 SET character_set_client = @saved_cs_client */;

--
-- Dumping data for table `rent`
--

LOCK TABLES `rent` WRITE;
/*!40000 ALTER TABLE `rent` DISABLE KEYS */;
INSERT INTO `rent` VALUES (52,'','2023-08-27 00:00:00.000000',NULL,'2023-08-25 00:00:00.000000','CREADO',37,67,'entrega','2023-06-27 21:33:02.192000'),(53,'','2023-07-29 00:00:00.000000',NULL,'2023-07-27 00:00:00.000000','CANCELADO',140,67,'entrega','2023-06-27 21:57:49.490000'),(58,'','2023-07-08 00:00:00.000000',NULL,'2023-07-04 00:00:00.000000','CREADO',34,74,'recoger','2023-06-28 00:13:15.798000'),(62,'','2023-07-08 00:00:00.000000',NULL,'2023-07-04 00:00:00.000000','CREADO',43,74,'entrega','2023-06-28 02:16:32.421000'),(65,'','2023-07-21 00:00:00.000000',NULL,'2023-07-18 00:00:00.000000','CANCELADO',33,67,'recoger en tienda','2023-06-28 05:11:53.681000'),(66,'','2023-07-09 00:00:00.000000',NULL,'2023-07-03 00:00:00.000000','CREADO',143,98,'entrega','2023-06-28 14:50:42.237000'),(67,'','2023-07-20 00:00:00.000000',NULL,'2023-07-11 00:00:00.000000','CREADO',32,67,'recoger en tienda','2023-06-28 20:38:57.863000'),(69,'','2023-07-07 00:00:00.000000',NULL,'2023-07-01 00:00:00.000000','CREADO',31,74,'recoger en tienda','2023-06-28 21:15:14.141000'),(70,'','2023-07-13 00:00:00.000000',NULL,'2023-07-07 00:00:00.000000','CANCELADO',122,98,'recoger en tienda','2023-06-29 04:04:55.086000'),(77,'','2023-07-10 00:00:00.000000',NULL,'2023-07-01 00:00:00.000000','CREADO',32,98,'recoger en tienda','2023-06-29 15:25:41.353000'),(85,'Enviar guía del producto','2023-07-07 00:00:00.000000',NULL,'2023-07-01 00:00:00.000000','CREADO',148,98,'recoger en tienda','2023-06-29 22:33:43.230000'),(86,'','2023-07-12 00:00:00.000000',NULL,'2023-07-01 00:00:00.000000','CANCELADO',119,98,'calle 00 # 00 - 00','2023-06-29 22:48:13.632000'),(87,'','2023-07-07 00:00:00.000000',NULL,'2023-06-29 00:00:00.000000','CREADO',204,67,'recoger en tienda','2023-06-29 23:38:39.413000'),(88,'','2023-07-08 00:00:00.000000',NULL,'2023-07-03 00:00:00.000000','CREADO',153,67,'recoger en tienda','2023-06-30 00:00:02.090000'),(95,'','2023-07-16 00:00:00.000000',NULL,'2023-07-13 00:00:00.000000','CREADO',166,98,'','2023-07-04 18:00:30.392000'),(96,'Algunos comentarios de entrega','2023-07-22 00:00:00.000000',NULL,'2023-07-19 00:00:00.000000','CREADO',171,67,'','2023-07-04 20:12:30.265000'),(97,'','2023-07-15 00:00:00.000000',NULL,'2023-07-12 00:00:00.000000','CREADO',171,127,'','2023-07-04 21:09:39.760000'),(98,'comentario','2023-07-27 00:00:00.000000',NULL,'2023-07-24 00:00:00.000000','CREADO',171,74,'','2023-07-04 23:40:15.203000'),(100,'','2023-07-22 00:00:00.000000',NULL,'2023-07-20 00:00:00.000000','CREADO',38,67,'En la calle','2023-07-05 01:44:13.210000');
/*!40000 ALTER TABLE `rent` ENABLE KEYS */;
UNLOCK TABLES;

--
-- Table structure for table `role`
--

DROP TABLE IF EXISTS `role`;
/*!40101 SET @saved_cs_client     = @@character_set_client */;
/*!50503 SET character_set_client = utf8mb4 */;
CREATE TABLE `role` (
  `id` bigint NOT NULL AUTO_INCREMENT,
  `category_create` bit(1) DEFAULT NULL,
  `category_delete` bit(1) DEFAULT NULL,
  `category_list` bit(1) DEFAULT NULL,
  `category_update` bit(1) DEFAULT NULL,
  `is_delete` bit(1) DEFAULT NULL,
  `name` varchar(255) DEFAULT NULL,
  `product_create` bit(1) DEFAULT NULL,
  `product_delete` bit(1) DEFAULT NULL,
  `product_list` bit(1) DEFAULT NULL,
  `product_update` bit(1) DEFAULT NULL,
  `rent_create` bit(1) DEFAULT NULL,
  `rent_delete` bit(1) DEFAULT NULL,
  `rent_list` bit(1) DEFAULT NULL,
  `rent_update` bit(1) DEFAULT NULL,
  `role_create` bit(1) DEFAULT NULL,
  `role_delete` bit(1) DEFAULT NULL,
  `role_list` bit(1) DEFAULT NULL,
  `role_update` bit(1) DEFAULT NULL,
  `user_create` bit(1) DEFAULT NULL,
  `user_delete` bit(1) DEFAULT NULL,
  `user_list` bit(1) DEFAULT NULL,
  `user_update` bit(1) DEFAULT NULL,
  `city_create` bit(1) DEFAULT NULL,
  `city_delete` bit(1) DEFAULT NULL,
  `city_list` bit(1) DEFAULT NULL,
  `city_update` bit(1) DEFAULT NULL,
  PRIMARY KEY (`id`)
) ENGINE=InnoDB AUTO_INCREMENT=37 DEFAULT CHARSET=utf8mb4 COLLATE=utf8mb4_0900_ai_ci;
/*!40101 SET character_set_client = @saved_cs_client */;

--
-- Dumping data for table `role`
--

LOCK TABLES `role` WRITE;
/*!40000 ALTER TABLE `role` DISABLE KEYS */;
INSERT INTO `role` VALUES (19,_binary '',_binary '',_binary '',_binary '',_binary '\0','Admin',_binary '',_binary '',_binary '',_binary '',_binary '',_binary '',_binary '',_binary '',_binary '',_binary '',_binary '',_binary '',_binary '',_binary '',_binary '',_binary '',_binary '',_binary '',_binary '',_binary ''),(20,_binary '',_binary '',_binary '',_binary '',_binary '\0','Contribuidor',_binary '',_binary '',_binary '',_binary '',_binary '\0',_binary '\0',_binary '\0',_binary '\0',_binary '\0',_binary '\0',_binary '\0',_binary '\0',_binary '\0',_binary '\0',_binary '\0',_binary '\0',_binary '',_binary '',_binary '',_binary ''),(21,_binary '\0',_binary '\0',_binary '',_binary '\0',_binary '\0','Registrado',_binary '\0',_binary '\0',_binary '',_binary '\0',_binary '\0',_binary '\0',_binary '\0',_binary '\0',_binary '\0',_binary '\0',_binary '\0',_binary '\0',_binary '\0',_binary '\0',_binary '\0',_binary '\0',_binary '',_binary '',_binary '',_binary '');
/*!40000 ALTER TABLE `role` ENABLE KEYS */;
UNLOCK TABLES;

--
-- Table structure for table `user`
--

DROP TABLE IF EXISTS `user`;
/*!40101 SET @saved_cs_client     = @@character_set_client */;
/*!50503 SET character_set_client = utf8mb4 */;
CREATE TABLE `user` (
  `id` bigint NOT NULL AUTO_INCREMENT,
  `email` varchar(255) DEFAULT NULL,
  `last_name` varchar(255) DEFAULT NULL,
  `name` varchar(255) DEFAULT NULL,
  `password` varchar(255) DEFAULT NULL,
  `is_active` bit(1) DEFAULT NULL,
  `token` varchar(255) DEFAULT NULL,
  `generating_date` datetime(6) DEFAULT NULL,
  `role_entity_id` bigint DEFAULT NULL,
  `initials_color` varchar(255) DEFAULT NULL,
  PRIMARY KEY (`id`),
  KEY `FKcgvlbw3uxs532jje6xsul0v8o` (`role_entity_id`),
  CONSTRAINT `FKcgvlbw3uxs532jje6xsul0v8o` FOREIGN KEY (`role_entity_id`) REFERENCES `role` (`id`)
) ENGINE=InnoDB AUTO_INCREMENT=128 DEFAULT CHARSET=utf8mb4 COLLATE=utf8mb4_0900_ai_ci;
/*!40101 SET character_set_client = @saved_cs_client */;

--
-- Dumping data for table `user`
--

LOCK TABLES `user` WRITE;
/*!40000 ALTER TABLE `user` DISABLE KEYS */;
INSERT INTO `user` VALUES (23,'jul.cruizz@gmail.com','Caicedo','Julian','$2a$10$QKFHELrAUSzJwigOl6871ecx7vbaC.EORn6qOLrg5vLxdVbHRMeCm',_binary '','683a05d8-b5ba-411a-b033-022e2a8b1b07','2023-05-28 21:46:46.877341',21,'#8bc34a'),(29,'sgsgonzalez@gmail.com','Gonzalez','Sergio','$2a$10$QKFHELrAUSzJwigOl6871ecx7vbaC.EORn6qOLrg5vLxdVbHRMeCm',_binary '\0','7490bda1-b47d-45e6-81c9-39efd9d1f626','2023-05-28 21:46:46.877341',21,'#cddc39'),(32,'ana@hotmail.com','Campos','Analia','$2a$10$QKFHELrAUSzJwigOl6871ecx7vbaC.EORn6qOLrg5vLxdVbHRMeCm',_binary '\0','9fc5c2e8-6ca1-47e1-8676-0e91561370a3','2023-05-28 21:46:46.877341',21,'#577590'),(33,'sol@hotmail.com','Vera','Soledad','$2a$10$QKFHELrAUSzJwigOl6871ecx7vbaC.EORn6qOLrg5vLxdVbHRMeCm',_binary '\0','36df3200-bc80-4451-9f2b-35626fad0051','2023-05-28 21:46:46.877341',21,'#9c27b0'),(34,'car@hotmail.com','Peralta','Carlos','$2a$10$QKFHELrAUSzJwigOl6871ecx7vbaC.EORn6qOLrg5vLxdVbHRMeCm',_binary '\0','dda052bf-e6a6-495a-afba-b961232b37c7','2023-05-29 21:46:46.877341',21,'#2196f3'),(35,'diego@gmail.com','Ramos','Diego','$2a$10$QKFHELrAUSzJwigOl6871ecx7vbaC.EORn6qOLrg5vLxdVbHRMeCm',_binary '\0','c584900e-7364-41ae-a7c4-2ce4736058a4','2023-05-29 21:46:46.877341',21,'#7f78d2'),(36,'diegoF@gmail.com','Freytes','Diego','$2a$10$QKFHELrAUSzJwigOl6871ecx7vbaC.EORn6qOLrg5vLxdVbHRMeCm',_binary '\0','f81b05b7-ff76-4c26-90d5-d6a7cfe832e1','2023-05-29 21:46:46.877341',21,'#9a7aa0'),(37,'lorraine@gmail.com','Sánchez','Héctor','$2a$10$QKFHELrAUSzJwigOl6871ecx7vbaC.EORn6qOLrg5vLxdVbHRMeCm',_binary '\0','1e0b52ba-9517-4c4e-9fe6-2fc259bf58ff','2023-05-29 21:46:46.877341',21,'#ffc300'),(38,'lorraine123@gmail.com','Sánchez','Ana','$2a$10$QKFHELrAUSzJwigOl6871ecx7vbaC.EORn6qOLrg5vLxdVbHRMeCm',_binary '\0','d6980be3-fc4b-4a83-8d26-e9f477c526c8','2023-05-29 21:46:46.877341',21,'#0066cc'),(39,'mi@gmail.com','Montes','Miguel','$2a$10$QKFHELrAUSzJwigOl6871ecx7vbaC.EORn6qOLrg5vLxdVbHRMeCm',_binary '\0','691c977b-428a-4b55-8fb9-d09415823d7f','2023-05-29 21:46:46.877341',21,'#f3722c'),(40,'lorraine1@gmail.com','Sánchez','Ana María','$2a$10$QKFHELrAUSzJwigOl6871ecx7vbaC.EORn6qOLrg5vLxdVbHRMeCm',_binary '\0','5058d63c-be5e-4443-9961-302f36dc1821','2023-05-29 21:46:46.877341',21,'#ffc300'),(43,'luismi@gmail.com','Miguel','Luis','$2a$10$QKFHELrAUSzJwigOl6871ecx7vbaC.EORn6qOLrg5vLxdVbHRMeCm',_binary '\0','dd5664a2-9658-454c-8308-ba3c252166e6','2023-05-29 21:46:46.877341',21,'#7f78d2'),(44,'andre@gmail.com','Abantos','Andrea','$2a$10$QKFHELrAUSzJwigOl6871ecx7vbaC.EORn6qOLrg5vLxdVbHRMeCm',_binary '\0','00152343-407e-4f44-bd6d-98019d884fa6','2023-05-30 21:46:46.877341',19,'#e040fb'),(45,'mar@gmail.com','Vila','Maria','$2a$10$QKFHELrAUSzJwigOl6871ecx7vbaC.EORn6qOLrg5vLxdVbHRMeCm',_binary '\0','52847f20-bedc-41b9-ad6c-3007be5e045f','2023-05-30 21:46:46.877341',19,'#00bfff'),(49,'ser@mail.com','Gimenez','Sergio','123bB',_binary '\0','f4ce3ae0-f6f7-4dd9-bde2-cb0579bf4a94','2023-05-30 21:46:46.877341',19,'#ffa500'),(52,'mafe-21@hotmail.com','Garcia Pineda','Maria','$2a$10$eVZvZbd4B0BB3mkqxkWyWOOKdadMvFFPFnbwThQILMgKtJTo73k7.',_binary '','5308dc24-d17b-45b9-9932-ce2d51236e7d','2023-05-30 21:46:46.877341',19,'#aa00ff'),(53,'belenguilla@hotmail.com','Guillamondegui','Belén','$2a$10$UgoLi9vuXeowWh2YOPxY5utKdUjkCJwFT9gbO1R.FqZIdyB/Ob6v6',_binary '','9ceddd21-6d8b-447d-8ff6-cf9952b824ca','2023-05-31 11:49:03.017944',19,'#577590'),(58,'lorraines3@gmail.com','House','Digital','$2a$10$ELrSoosjyyIke3QQ7aFsNuVnYF26RTuGwHo7qnlBOLOu0GwxbRkPG',_binary '','30a2d4e6-a83a-4791-8aa3-b872990c0053','2023-05-31 23:26:53.494451',21,'#2196f3'),(67,'digitalhouse.dh123@gmail.com','House','Digital','$2a$10$d8V6IDTu4FPCzQO4hqqdseg.kn5B/rqeGlUDN9tSJ3LY434baLT3C',_binary '','d1fb2bc5-3106-4d68-a0d0-77bfbe7988d0','2023-06-01 17:30:43.014878',19,'#9a7aa0'),(74,'nataliajmoreira@gmail.com','Moreira','Natalia','$2a$10$ezg0BXlq/tjajYcbELdnB.vHUQrils6cyA/HMa2rKcYMRBP9Q/d3K',_binary '','3a818676-caae-44bd-a9b4-c41cedcc56da','2023-06-03 01:46:40.813678',21,'#e040fb'),(75,'andresjbilbao@hotmail.com','Bilbao','Andrés','$2a$10$E7MHms43Ro2KLoHPlBTjTe15lzqAA/FDqWjf15ImnCnhe8AH2oFEe',_binary '','0182a730-f68c-4642-8659-5eeeb99cd89f','2023-06-05 18:20:57.877599',21,'#9c27b0'),(98,'lorraines690.ls@gmail.com','Sánchez Fernández','Lorena','$2a$10$k1tx9gAS7DuinxkZu5VCF.rfGsRfNJeW3IGB60Kb.GN5VTemKik1G',_binary '','ec368136-5354-4776-9c71-fd8abf664bb8','2023-06-13 05:37:43.889406',19,'#ff7e00'),(101,'victoriavelasqueziav@gmail.com','Velásquez Naranjo','Victoria Andrea','$2a$10$xDy/.g4EHTc/liFIfc6YEehRJoTBK9WPOhWIgQ3AlUjP4weII644C',_binary '','8b979467-3b80-4c76-8bf8-de9279d15d6f','2023-06-23 22:18:10.646787',21,'#8BC34A'),(113,'jmcaicedor99@gmail.com','Caicedo R','Julián','$2a$10$mEz3z/zTHmm9tN7Hj6YItucpbGS069VYe4KX3fX7ej7Oo6PSaqdiy',_binary '','6ef971ab-cd74-47d8-a04b-9045fd86fbef','2023-06-27 00:14:03.188505',21,'#F8961E'),(122,'mfgarciap@unal.edu.co','Maria Garcia','Maria','$2a$10$FM60rkI4ekYYiG7V38IvV.8IdHv0C85yNZCLEFa6h9SzExK/YmlbO',_binary '','e42934e6-69c2-421a-935a-6041224de38d','2023-06-29 21:18:47.761859',21,'#F8961E'),(124,'gopaca3348@fitwl.com','Gutierrez','Andres','$2a$10$n0fAU.eQjvBKKclFSq0jJeBlEnXwMs0eA4pZe2yKAMnhsM8EMPoRC',_binary '','a1f6a52c-ccbb-41d5-8e63-63a0d2702e11','2023-07-01 06:18:19.979005',21,'#F9DC5C'),(126,'kevcb1988@gmail.com','Chaparro','Keven','$2a$10$pI66oUUVf9L8hXtBen1dgO6w0.xojoQCqPrjXodYAHHo2lXrVCDI6',_binary '','2a7bcb7d-8af4-4265-ad6b-4d8117a3f05a','2023-07-01 22:21:03.438281',21,'#577590'),(127,'ylerazom@gmail.com','Erazo','Yazmin','$2a$10$xpOQAxJoAOP2e/yKOOe78.p51troRPLxMrzudGkBkp9Z/DdWoIokS',_binary '','4983ae1d-2bb5-46b9-8df9-d4e79c6e89c2','2023-07-04 01:22:14.043738',21,'#F8961E');
/*!40000 ALTER TABLE `user` ENABLE KEYS */;
UNLOCK TABLES;

--
-- Table structure for table `user_favorite_products`
--

DROP TABLE IF EXISTS `user_favorite_products`;
/*!40101 SET @saved_cs_client     = @@character_set_client */;
/*!50503 SET character_set_client = utf8mb4 */;
CREATE TABLE `user_favorite_products` (
  `user_id` bigint NOT NULL,
  `product_id` bigint NOT NULL,
  KEY `FKl6at82xbnnq1w6syj7wn6ydxh` (`product_id`),
  KEY `FKdjiyqcp1n1ujj9wqm4pq8nlrg` (`user_id`),
  CONSTRAINT `FKdjiyqcp1n1ujj9wqm4pq8nlrg` FOREIGN KEY (`user_id`) REFERENCES `user` (`id`),
  CONSTRAINT `FKl6at82xbnnq1w6syj7wn6ydxh` FOREIGN KEY (`product_id`) REFERENCES `product` (`id`)
) ENGINE=InnoDB DEFAULT CHARSET=utf8mb4 COLLATE=utf8mb4_0900_ai_ci;
/*!40101 SET character_set_client = @saved_cs_client */;

--
-- Dumping data for table `user_favorite_products`
--

LOCK TABLES `user_favorite_products` WRITE;
/*!40000 ALTER TABLE `user_favorite_products` DISABLE KEYS */;
INSERT INTO `user_favorite_products` VALUES (53,143),(53,143),(53,161),(53,135),(53,41),(53,31),(53,48),(53,157),(101,31),(98,135),(98,152),(98,140),(113,40),(113,121),(126,125),(126,143),(127,171),(67,33),(74,41),(74,134),(74,171);
/*!40000 ALTER TABLE `user_favorite_products` ENABLE KEYS */;
UNLOCK TABLES;
SET @@SESSION.SQL_LOG_BIN = @MYSQLDUMP_TEMP_LOG_BIN;
/*!40103 SET TIME_ZONE=@OLD_TIME_ZONE */;

/*!40101 SET SQL_MODE=@OLD_SQL_MODE */;
/*!40014 SET FOREIGN_KEY_CHECKS=@OLD_FOREIGN_KEY_CHECKS */;
/*!40014 SET UNIQUE_CHECKS=@OLD_UNIQUE_CHECKS */;
/*!40101 SET CHARACTER_SET_CLIENT=@OLD_CHARACTER_SET_CLIENT */;
/*!40101 SET CHARACTER_SET_RESULTS=@OLD_CHARACTER_SET_RESULTS */;
/*!40101 SET COLLATION_CONNECTION=@OLD_COLLATION_CONNECTION */;
/*!40111 SET SQL_NOTES=@OLD_SQL_NOTES */;

-- Dump completed on 2023-07-04 20:58:17
